#	alphaticr.alphaticr.alphaticr	alphaticr.alphaticr.aromatic	alphaticr.alphaticr.postivecharger	alphaticr.alphaticr.negativecharger	alphaticr.alphaticr.uncharger	alphaticr.aromatic.alphaticr	alphaticr.aromatic.aromatic	alphaticr.aromatic.postivecharger	alphaticr.aromatic.negativecharger	alphaticr.aromatic.uncharger	alphaticr.postivecharger.alphaticr	alphaticr.postivecharger.aromatic	alphaticr.postivecharger.postivecharger	alphaticr.postivecharger.negativecharger	alphaticr.postivecharger.uncharger	alphaticr.negativecharger.alphaticr	alphaticr.negativecharger.aromatic	alphaticr.negativecharger.postivecharger	alphaticr.negativecharger.negativecharger	alphaticr.negativecharger.uncharger	alphaticr.uncharger.alphaticr	alphaticr.uncharger.aromatic	alphaticr.uncharger.postivecharger	alphaticr.uncharger.negativecharger	alphaticr.uncharger.uncharger	aromatic.alphaticr.alphaticr	aromatic.alphaticr.aromatic	aromatic.alphaticr.postivecharger	aromatic.alphaticr.negativecharger	aromatic.alphaticr.uncharger	aromatic.aromatic.alphaticr	aromatic.aromatic.aromatic	aromatic.aromatic.postivecharger	aromatic.aromatic.negativecharger	aromatic.aromatic.uncharger	aromatic.postivecharger.alphaticr	aromatic.postivecharger.aromatic	aromatic.postivecharger.postivecharger	aromatic.postivecharger.negativecharger	aromatic.postivecharger.uncharger	aromatic.negativecharger.alphaticr	aromatic.negativecharger.aromatic	aromatic.negativecharger.postivecharger	aromatic.negativecharger.negativecharger	aromatic.negativecharger.uncharger	aromatic.uncharger.alphaticr	aromatic.uncharger.aromatic	aromatic.uncharger.postivecharger	aromatic.uncharger.negativecharger	aromatic.uncharger.uncharger	postivecharger.alphaticr.alphaticr	postivecharger.alphaticr.aromatic	postivecharger.alphaticr.postivecharger	postivecharger.alphaticr.negativecharger	postivecharger.alphaticr.uncharger	postivecharger.aromatic.alphaticr	postivecharger.aromatic.aromatic	postivecharger.aromatic.postivecharger	postivecharger.aromatic.negativecharger	postivecharger.aromatic.uncharger	postivecharger.postivecharger.alphaticr	postivecharger.postivecharger.aromatic	postivecharger.postivecharger.postivecharger	postivecharger.postivecharger.negativecharger	postivecharger.postivecharger.uncharger	postivecharger.negativecharger.alphaticr	postivecharger.negativecharger.aromatic	postivecharger.negativecharger.postivecharger	postivecharger.negativecharger.negativecharger	postivecharger.negativecharger.uncharger	postivecharger.uncharger.alphaticr	postivecharger.uncharger.aromatic	postivecharger.uncharger.postivecharger	postivecharger.uncharger.negativecharger	postivecharger.uncharger.uncharger	negativecharger.alphaticr.alphaticr	negativecharger.alphaticr.aromatic	negativecharger.alphaticr.postivecharger	negativecharger.alphaticr.negativecharger	negativecharger.alphaticr.uncharger	negativecharger.aromatic.alphaticr	negativecharger.aromatic.aromatic	negativecharger.aromatic.postivecharger	negativecharger.aromatic.negativecharger	negativecharger.aromatic.uncharger	negativecharger.postivecharger.alphaticr	negativecharger.postivecharger.aromatic	negativecharger.postivecharger.postivecharger	negativecharger.postivecharger.negativecharger	negativecharger.postivecharger.uncharger	negativecharger.negativecharger.alphaticr	negativecharger.negativecharger.aromatic	negativecharger.negativecharger.postivecharger	negativecharger.negativecharger.negativecharger	negativecharger.negativecharger.uncharger	negativecharger.uncharger.alphaticr	negativecharger.uncharger.aromatic	negativecharger.uncharger.postivecharger	negativecharger.uncharger.negativecharger	negativecharger.uncharger.uncharger	uncharger.alphaticr.alphaticr	uncharger.alphaticr.aromatic	uncharger.alphaticr.postivecharger	uncharger.alphaticr.negativecharger	uncharger.alphaticr.uncharger	uncharger.aromatic.alphaticr	uncharger.aromatic.aromatic	uncharger.aromatic.postivecharger	uncharger.aromatic.negativecharger	uncharger.aromatic.uncharger	uncharger.postivecharger.alphaticr	uncharger.postivecharger.aromatic	uncharger.postivecharger.postivecharger	uncharger.postivecharger.negativecharger	uncharger.postivecharger.uncharger	uncharger.negativecharger.alphaticr	uncharger.negativecharger.aromatic	uncharger.negativecharger.postivecharger	uncharger.negativecharger.negativecharger	uncharger.negativecharger.uncharger	uncharger.uncharger.alphaticr	uncharger.uncharger.aromatic	uncharger.uncharger.postivecharger	uncharger.uncharger.negativecharger	uncharger.uncharger.uncharger
ASH1L	0.027522935779816515	0.0	0.027522935779816515	0.0	0.05504587155963303	0.0	0.01834862385321101	0.01834862385321101	0.009174311926605505	0.0	0.01834862385321101	0.0	0.027522935779816515	0.009174311926605505	0.0	0.027522935779816515	0.009174311926605505	0.01834862385321101	0.0	0.0	0.05504587155963303	0.009174311926605505	0.009174311926605505	0.01834862385321101	0.009174311926605505	0.0	0.0	0.009174311926605505	0.0	0.0	0.009174311926605505	0.0	0.009174311926605505	0.009174311926605505	0.009174311926605505	0.0	0.0	0.0	0.01834862385321101	0.01834862385321101	0.009174311926605505	0.0	0.009174311926605505	0.0	0.0	0.009174311926605505	0.0	0.0	0.0	0.0	0.009174311926605505	0.01834862385321101	0.009174311926605505	0.0	0.009174311926605505	0.0	0.009174311926605505	0.0	0.0	0.0	0.009174311926605505	0.0	0.009174311926605505	0.009174311926605505	0.01834862385321101	0.027522935779816515	0.0	0.0	0.0	0.009174311926605505	0.045871559633027525	0.0	0.0	0.0	0.009174311926605505	0.027522935779816515	0.009174311926605505	0.0	0.009174311926605505	0.027522935779816515	0.0	0.009174311926605505	0.0	0.0	0.0	0.009174311926605505	0.009174311926605505	0.0	0.0	0.009174311926605505	0.0	0.0	0.0	0.0	0.0	0.009174311926605505	0.0	0.0	0.0	0.009174311926605505	0.03669724770642202	0.01834862385321101	0.009174311926605505	0.045871559633027525	0.009174311926605505	0.0	0.0	0.009174311926605505	0.0	0.0	0.009174311926605505	0.0	0.009174311926605505	0.0	0.009174311926605505	0.009174311926605505	0.0	0.0	0.0	0.009174311926605505	0.009174311926605505	0.0	0.01834862385321101	0.0	0.0
ATAD2	0.018018018018018018	0.0	0.036036036036036036	0.018018018018018018	0.018018018018018018	0.018018018018018018	0.0	0.0	0.0	0.009009009009009009	0.009009009009009009	0.0	0.018018018018018018	0.036036036036036036	0.018018018018018018	0.02702702702702703	0.009009009009009009	0.018018018018018018	0.0	0.009009009009009009	0.02702702702702703	0.0	0.018018018018018018	0.009009009009009009	0.018018018018018018	0.009009009009009009	0.0	0.018018018018018018	0.0	0.018018018018018018	0.0	0.0	0.0	0.0	0.0	0.009009009009009009	0.0	0.0	0.009009009009009009	0.0	0.0	0.0	0.0	0.0	0.0	0.0	0.0	0.009009009009009009	0.0	0.009009009009009009	0.018018018018018018	0.018018018018018018	0.0	0.009009009009009009	0.009009009009009009	0.009009009009009009	0.0	0.009009009009009009	0.0	0.0	0.018018018018018018	0.018018018018018018	0.009009009009009009	0.0	0.0	0.018018018018018018	0.009009009009009009	0.0	0.009009009009009009	0.018018018018018018	0.018018018018018018	0.0	0.0	0.0	0.009009009009009009	0.009009009009009009	0.0	0.018018018018018018	0.018018018018018018	0.018018018018018018	0.018018018018018018	0.0	0.0	0.0	0.009009009009009009	0.009009009009009009	0.0	0.009009009009009009	0.009009009009009009	0.0	0.018018018018018018	0.0	0.0	0.009009009009009009	0.009009009009009009	0.018018018018018018	0.009009009009009009	0.0	0.009009009009009009	0.0	0.036036036036036036	0.009009009009009009	0.009009009009009009	0.02702702702702703	0.009009009009009009	0.0	0.0	0.009009009009009009	0.0	0.0	0.009009009009009009	0.0	0.009009009009009009	0.0	0.009009009009009009	0.0	0.009009009009009009	0.009009009009009009	0.009009009009009009	0.0	0.02702702702702703	0.0	0.0	0.009009009009009009	0.009009009009009009
ATAD2B	0.02702702702702703	0.0	0.018018018018018018	0.018018018018018018	0.02702702702702703	0.009009009009009009	0.0	0.0	0.0	0.009009009009009009	0.018018018018018018	0.0	0.009009009009009009	0.05405405405405406	0.0	0.04504504504504504	0.009009009009009009	0.018018018018018018	0.009009009009009009	0.0	0.009009009009009009	0.0	0.018018018018018018	0.018018018018018018	0.02702702702702703	0.0	0.0	0.018018018018018018	0.009009009009009009	0.009009009009009009	0.0	0.0	0.0	0.0	0.0	0.0	0.0	0.0	0.0	0.0	0.0	0.0	0.0	0.0	0.0	0.009009009009009009	0.0	0.009009009009009009	0.0	0.009009009009009009	0.02702702702702703	0.009009009009009009	0.0	0.009009009009009009	0.009009009009009009	0.0	0.0	0.0	0.0	0.009009009009009009	0.018018018018018018	0.009009009009009009	0.009009009009009009	0.0	0.009009009009009009	0.02702702702702703	0.009009009009009009	0.0	0.0	0.02702702702702703	0.009009009009009009	0.009009009009009009	0.0	0.0	0.0	0.018018018018018018	0.0	0.009009009009009009	0.02702702702702703	0.02702702702702703	0.018018018018018018	0.0	0.0	0.0	0.009009009009009009	0.009009009009009009	0.0	0.018018018018018018	0.009009009009009009	0.0	0.009009009009009009	0.0	0.0	0.0	0.009009009009009009	0.02702702702702703	0.0	0.0	0.0	0.009009009009009009	0.018018018018018018	0.009009009009009009	0.036036036036036036	0.02702702702702703	0.0	0.009009009009009009	0.0	0.0	0.0	0.0	0.009009009009009009	0.0	0.009009009009009009	0.0	0.009009009009009009	0.0	0.009009009009009009	0.018018018018018018	0.0	0.0	0.036036036036036036	0.0	0.0	0.009009009009009009	0.009009009009009009
BAZ1A	0.037383177570093455	0.009345794392523364	0.037383177570093455	0.009345794392523364	0.037383177570093455	0.0	0.009345794392523364	0.0	0.009345794392523364	0.009345794392523364	0.018691588785046728	0.0	0.018691588785046728	0.018691588785046728	0.009345794392523364	0.018691588785046728	0.0	0.0	0.009345794392523364	0.0	0.04672897196261682	0.0	0.037383177570093455	0.018691588785046728	0.0	0.0	0.0	0.009345794392523364	0.009345794392523364	0.0	0.0	0.0	0.009345794392523364	0.009345794392523364	0.0	0.018691588785046728	0.0	0.0	0.0	0.0	0.009345794392523364	0.009345794392523364	0.0	0.0	0.009345794392523364	0.0	0.009345794392523364	0.0	0.0	0.018691588785046728	0.037383177570093455	0.0	0.0	0.0	0.037383177570093455	0.0	0.0	0.0	0.0	0.0	0.0	0.0	0.0	0.009345794392523364	0.009345794392523364	0.009345794392523364	0.0	0.009345794392523364	0.009345794392523364	0.0	0.018691588785046728	0.0	0.0	0.009345794392523364	0.009345794392523364	0.028037383177570093	0.0	0.009345794392523364	0.009345794392523364	0.009345794392523364	0.009345794392523364	0.009345794392523364	0.009345794392523364	0.0	0.009345794392523364	0.009345794392523364	0.0	0.0	0.0	0.0	0.009345794392523364	0.0	0.0	0.0	0.009345794392523364	0.009345794392523364	0.009345794392523364	0.0	0.0	0.0	0.037383177570093455	0.018691588785046728	0.0	0.0	0.018691588785046728	0.009345794392523364	0.0	0.0	0.009345794392523364	0.009345794392523364	0.028037383177570093	0.0	0.0	0.0	0.018691588785046728	0.009345794392523364	0.028037383177570093	0.0	0.0	0.0	0.0	0.009345794392523364	0.009345794392523364	0.009345794392523364	0.018691588785046728
BAZ1B	0.028037383177570093	0.0	0.037383177570093455	0.0	0.018691588785046728	0.0	0.0	0.0	0.0	0.018691588785046728	0.0	0.009345794392523364	0.018691588785046728	0.0	0.018691588785046728	0.018691588785046728	0.009345794392523364	0.0	0.009345794392523364	0.0	0.0	0.009345794392523364	0.037383177570093455	0.018691588785046728	0.018691588785046728	0.0	0.0	0.0	0.0	0.009345794392523364	0.0	0.0	0.0	0.009345794392523364	0.0	0.0	0.009345794392523364	0.0	0.009345794392523364	0.009345794392523364	0.009345794392523364	0.0	0.0	0.0	0.0	0.0	0.018691588785046728	0.0	0.0	0.028037383177570093	0.018691588785046728	0.0	0.0	0.0	0.018691588785046728	0.0	0.0	0.009345794392523364	0.0	0.009345794392523364	0.018691588785046728	0.0	0.009345794392523364	0.0	0.009345794392523364	0.0	0.0	0.0	0.009345794392523364	0.009345794392523364	0.028037383177570093	0.0	0.0	0.018691588785046728	0.018691588785046728	0.018691588785046728	0.009345794392523364	0.009345794392523364	0.009345794392523364	0.009345794392523364	0.009345794392523364	0.009345794392523364	0.0	0.0	0.009345794392523364	0.0	0.0	0.0	0.0	0.0	0.018691588785046728	0.009345794392523364	0.0	0.0	0.0	0.009345794392523364	0.0	0.0	0.0	0.009345794392523364	0.018691588785046728	0.009345794392523364	0.0	0.028037383177570093	0.037383177570093455	0.0	0.0	0.018691588785046728	0.0	0.009345794392523364	0.018691588785046728	0.0	0.009345794392523364	0.009345794392523364	0.028037383177570093	0.009345794392523364	0.009345794392523364	0.0	0.009345794392523364	0.009345794392523364	0.056074766355140186	0.0	0.028037383177570093	0.0	0.009345794392523364
BAZ2A	0.037383177570093455	0.028037383177570093	0.04672897196261682	0.018691588785046728	0.009345794392523364	0.0	0.0	0.009345794392523364	0.009345794392523364	0.018691588785046728	0.028037383177570093	0.0	0.009345794392523364	0.009345794392523364	0.018691588785046728	0.018691588785046728	0.009345794392523364	0.0	0.0	0.018691588785046728	0.009345794392523364	0.009345794392523364	0.0	0.0	0.009345794392523364	0.009345794392523364	0.0	0.0	0.009345794392523364	0.0	0.0	0.0	0.0	0.009345794392523364	0.009345794392523364	0.0	0.0	0.009345794392523364	0.0	0.0	0.0	0.0	0.0	0.009345794392523364	0.018691588785046728	0.0	0.009345794392523364	0.0	0.018691588785046728	0.018691588785046728	0.056074766355140186	0.0	0.0	0.0	0.0	0.0	0.009345794392523364	0.0	0.009345794392523364	0.0	0.009345794392523364	0.009345794392523364	0.0	0.0	0.009345794392523364	0.009345794392523364	0.0	0.009345794392523364	0.0	0.0	0.0	0.0	0.009345794392523364	0.009345794392523364	0.009345794392523364	0.037383177570093455	0.0	0.0	0.009345794392523364	0.009345794392523364	0.009345794392523364	0.009345794392523364	0.0	0.0	0.009345794392523364	0.009345794392523364	0.0	0.0	0.0	0.0	0.0	0.018691588785046728	0.0	0.009345794392523364	0.009345794392523364	0.009345794392523364	0.0	0.018691588785046728	0.009345794392523364	0.009345794392523364	0.0	0.009345794392523364	0.018691588785046728	0.009345794392523364	0.009345794392523364	0.009345794392523364	0.0	0.0	0.0	0.018691588785046728	0.009345794392523364	0.009345794392523364	0.009345794392523364	0.009345794392523364	0.0	0.028037383177570093	0.0	0.0	0.018691588785046728	0.0	0.018691588785046728	0.009345794392523364	0.009345794392523364	0.009345794392523364	0.028037383177570093
BAZ2B	0.018691588785046728	0.009345794392523364	0.028037383177570093	0.009345794392523364	0.037383177570093455	0.0	0.0	0.009345794392523364	0.009345794392523364	0.009345794392523364	0.028037383177570093	0.0	0.018691588785046728	0.009345794392523364	0.009345794392523364	0.009345794392523364	0.009345794392523364	0.0	0.0	0.018691588785046728	0.028037383177570093	0.009345794392523364	0.0	0.009345794392523364	0.018691588785046728	0.018691588785046728	0.0	0.0	0.0	0.0	0.0	0.0	0.0	0.009345794392523364	0.0	0.0	0.0	0.009345794392523364	0.0	0.0	0.0	0.0	0.009345794392523364	0.0	0.009345794392523364	0.0	0.009345794392523364	0.0	0.018691588785046728	0.018691588785046728	0.037383177570093455	0.0	0.0	0.0	0.009345794392523364	0.0	0.009345794392523364	0.0	0.0	0.009345794392523364	0.009345794392523364	0.018691588785046728	0.0	0.009345794392523364	0.009345794392523364	0.009345794392523364	0.0	0.009345794392523364	0.018691588785046728	0.0	0.018691588785046728	0.0	0.0	0.0	0.0	0.018691588785046728	0.009345794392523364	0.009345794392523364	0.009345794392523364	0.0	0.0	0.0	0.0	0.0	0.009345794392523364	0.009345794392523364	0.0	0.009345794392523364	0.0	0.0	0.009345794392523364	0.0	0.0	0.009345794392523364	0.018691588785046728	0.0	0.028037383177570093	0.018691588785046728	0.009345794392523364	0.009345794392523364	0.009345794392523364	0.009345794392523364	0.028037383177570093	0.018691588785046728	0.018691588785046728	0.018691588785046728	0.0	0.009345794392523364	0.0	0.018691588785046728	0.0	0.0	0.009345794392523364	0.018691588785046728	0.0	0.018691588785046728	0.0	0.0	0.009345794392523364	0.018691588785046728	0.037383177570093455	0.0	0.0	0.009345794392523364	0.0
BPTF	0.009345794392523364	0.009345794392523364	0.028037383177570093	0.018691588785046728	0.009345794392523364	0.0	0.0	0.009345794392523364	0.009345794392523364	0.009345794392523364	0.009345794392523364	0.0	0.018691588785046728	0.009345794392523364	0.009345794392523364	0.028037383177570093	0.0	0.0	0.009345794392523364	0.028037383177570093	0.018691588785046728	0.0	0.028037383177570093	0.028037383177570093	0.009345794392523364	0.018691588785046728	0.0	0.0	0.009345794392523364	0.009345794392523364	0.018691588785046728	0.0	0.0	0.009345794392523364	0.018691588785046728	0.009345794392523364	0.0	0.0	0.0	0.0	0.009345794392523364	0.0	0.009345794392523364	0.0	0.009345794392523364	0.0	0.009345794392523364	0.0	0.0	0.018691588785046728	0.018691588785046728	0.018691588785046728	0.009345794392523364	0.0	0.018691588785046728	0.0	0.018691588785046728	0.0	0.0	0.0	0.018691588785046728	0.009345794392523364	0.0	0.0	0.0	0.0	0.009345794392523364	0.0	0.0	0.009345794392523364	0.009345794392523364	0.0	0.0	0.0	0.0	0.028037383177570093	0.0	0.0	0.0	0.018691588785046728	0.009345794392523364	0.009345794392523364	0.0	0.009345794392523364	0.0	0.018691588785046728	0.0	0.0	0.009345794392523364	0.0	0.0	0.0	0.009345794392523364	0.0	0.0	0.018691588785046728	0.009345794392523364	0.0	0.0	0.028037383177570093	0.0	0.0	0.009345794392523364	0.037383177570093455	0.018691588785046728	0.009345794392523364	0.018691588785046728	0.0	0.0	0.0	0.018691588785046728	0.009345794392523364	0.009345794392523364	0.0	0.0	0.009345794392523364	0.018691588785046728	0.009345794392523364	0.0	0.009345794392523364	0.018691588785046728	0.009345794392523364	0.009345794392523364	0.018691588785046728	0.009345794392523364
BRD1	0.056074766355140186	0.0	0.028037383177570093	0.018691588785046728	0.0	0.009345794392523364	0.009345794392523364	0.009345794392523364	0.0	0.0	0.028037383177570093	0.009345794392523364	0.028037383177570093	0.037383177570093455	0.018691588785046728	0.018691588785046728	0.009345794392523364	0.009345794392523364	0.0	0.018691588785046728	0.037383177570093455	0.0	0.0	0.018691588785046728	0.018691588785046728	0.0	0.0	0.0	0.009345794392523364	0.018691588785046728	0.0	0.0	0.009345794392523364	0.0	0.0	0.009345794392523364	0.0	0.0	0.0	0.009345794392523364	0.009345794392523364	0.0	0.0	0.009345794392523364	0.0	0.009345794392523364	0.0	0.0	0.0	0.0	0.009345794392523364	0.009345794392523364	0.018691588785046728	0.009345794392523364	0.009345794392523364	0.0	0.0	0.0	0.0	0.009345794392523364	0.009345794392523364	0.0	0.009345794392523364	0.0	0.009345794392523364	0.009345794392523364	0.009345794392523364	0.0	0.0	0.028037383177570093	0.037383177570093455	0.0	0.0	0.0	0.0	0.009345794392523364	0.0	0.009345794392523364	0.0	0.018691588785046728	0.018691588785046728	0.0	0.0	0.018691588785046728	0.0	0.009345794392523364	0.0	0.0	0.009345794392523364	0.0	0.0	0.009345794392523364	0.0	0.009345794392523364	0.0	0.037383177570093455	0.0	0.0	0.0	0.009345794392523364	0.028037383177570093	0.018691588785046728	0.06542056074766354	0.009345794392523364	0.028037383177570093	0.0	0.0	0.0	0.0	0.0	0.0	0.0	0.0	0.0	0.0	0.0	0.009345794392523364	0.009345794392523364	0.0	0.0	0.028037383177570093	0.0	0.0	0.0	0.0
BRD2-1	0.045871559633027525	0.009174311926605505	0.027522935779816515	0.0	0.045871559633027525	0.009174311926605505	0.0	0.009174311926605505	0.0	0.027522935779816515	0.027522935779816515	0.0	0.01834862385321101	0.0	0.009174311926605505	0.01834862385321101	0.0	0.009174311926605505	0.0	0.009174311926605505	0.01834862385321101	0.009174311926605505	0.009174311926605505	0.027522935779816515	0.027522935779816515	0.009174311926605505	0.01834862385321101	0.009174311926605505	0.0	0.009174311926605505	0.009174311926605505	0.009174311926605505	0.0	0.0	0.0	0.0	0.0	0.01834862385321101	0.0	0.009174311926605505	0.0	0.0	0.0	0.0	0.0	0.0	0.009174311926605505	0.009174311926605505	0.0	0.01834862385321101	0.045871559633027525	0.009174311926605505	0.0	0.009174311926605505	0.009174311926605505	0.0	0.0	0.0	0.0	0.0	0.027522935779816515	0.0	0.009174311926605505	0.0	0.009174311926605505	0.0	0.0	0.0	0.0	0.0	0.0	0.009174311926605505	0.0	0.0	0.027522935779816515	0.027522935779816515	0.0	0.0	0.0	0.0	0.0	0.0	0.009174311926605505	0.0	0.009174311926605505	0.009174311926605505	0.0	0.0	0.0	0.0	0.009174311926605505	0.0	0.0	0.0	0.0	0.009174311926605505	0.0	0.0	0.0	0.009174311926605505	0.0	0.009174311926605505	0.01834862385321101	0.027522935779816515	0.027522935779816515	0.027522935779816515	0.009174311926605505	0.009174311926605505	0.0	0.0	0.009174311926605505	0.0	0.0	0.0	0.009174311926605505	0.0	0.01834862385321101	0.0	0.009174311926605505	0.009174311926605505	0.045871559633027525	0.01834862385321101	0.0	0.009174311926605505	0.01834862385321101
BRD2-2	0.05555555555555555	0.018518518518518517	0.037037037037037035	0.009259259259259259	0.009259259259259259	0.009259259259259259	0.0	0.0	0.009259259259259259	0.018518518518518517	0.018518518518518517	0.0	0.037037037037037035	0.018518518518518517	0.0	0.027777777777777776	0.0	0.0	0.0	0.009259259259259259	0.009259259259259259	0.0	0.009259259259259259	0.037037037037037035	0.009259259259259259	0.009259259259259259	0.009259259259259259	0.009259259259259259	0.0	0.0	0.0	0.0	0.009259259259259259	0.0	0.0	0.0	0.018518518518518517	0.0	0.018518518518518517	0.009259259259259259	0.0	0.009259259259259259	0.0	0.0	0.0	0.0	0.009259259259259259	0.0	0.0	0.018518518518518517	0.018518518518518517	0.0	0.0	0.009259259259259259	0.018518518518518517	0.009259259259259259	0.0	0.0	0.0	0.009259259259259259	0.027777777777777776	0.0	0.018518518518518517	0.0	0.018518518518518517	0.037037037037037035	0.018518518518518517	0.0	0.0	0.0	0.018518518518518517	0.0	0.0	0.0	0.009259259259259259	0.027777777777777776	0.009259259259259259	0.009259259259259259	0.0	0.027777777777777776	0.009259259259259259	0.0	0.027777777777777776	0.0	0.0	0.0	0.0	0.0	0.009259259259259259	0.0	0.0	0.0	0.0	0.0	0.0	0.009259259259259259	0.0	0.009259259259259259	0.0	0.0	0.018518518518518517	0.0	0.018518518518518517	0.018518518518518517	0.0	0.0	0.009259259259259259	0.009259259259259259	0.0	0.0	0.0	0.0	0.009259259259259259	0.009259259259259259	0.0	0.009259259259259259	0.009259259259259259	0.009259259259259259	0.0	0.009259259259259259	0.018518518518518517	0.009259259259259259	0.0	0.009259259259259259	0.018518518518518517
BRD3-1	0.03669724770642202	0.0	0.027522935779816515	0.009174311926605505	0.027522935779816515	0.009174311926605505	0.0	0.009174311926605505	0.0	0.027522935779816515	0.009174311926605505	0.0	0.01834862385321101	0.0	0.01834862385321101	0.01834862385321101	0.0	0.009174311926605505	0.0	0.009174311926605505	0.03669724770642202	0.009174311926605505	0.009174311926605505	0.027522935779816515	0.01834862385321101	0.0	0.01834862385321101	0.0	0.0	0.01834862385321101	0.0	0.009174311926605505	0.0	0.0	0.01834862385321101	0.0	0.0	0.01834862385321101	0.0	0.0	0.0	0.0	0.0	0.0	0.0	0.009174311926605505	0.009174311926605505	0.009174311926605505	0.0	0.027522935779816515	0.01834862385321101	0.009174311926605505	0.0	0.009174311926605505	0.009174311926605505	0.0	0.0	0.0	0.0	0.0	0.01834862385321101	0.0	0.009174311926605505	0.0	0.01834862385321101	0.0	0.0	0.0	0.0	0.0	0.009174311926605505	0.009174311926605505	0.0	0.0	0.027522935779816515	0.027522935779816515	0.0	0.0	0.0	0.0	0.0	0.0	0.009174311926605505	0.0	0.009174311926605505	0.009174311926605505	0.0	0.0	0.0	0.0	0.009174311926605505	0.0	0.0	0.0	0.0	0.009174311926605505	0.0	0.0	0.0	0.009174311926605505	0.01834862385321101	0.01834862385321101	0.01834862385321101	0.01834862385321101	0.045871559633027525	0.027522935779816515	0.01834862385321101	0.0	0.0	0.0	0.009174311926605505	0.0	0.0	0.0	0.009174311926605505	0.0	0.01834862385321101	0.0	0.009174311926605505	0.009174311926605505	0.045871559633027525	0.01834862385321101	0.0	0.009174311926605505	0.01834862385321101
BRD3-2	0.027777777777777776	0.018518518518518517	0.027777777777777776	0.018518518518518517	0.009259259259259259	0.018518518518518517	0.0	0.0	0.009259259259259259	0.018518518518518517	0.018518518518518517	0.018518518518518517	0.027777777777777776	0.027777777777777776	0.0	0.05555555555555555	0.0	0.0	0.0	0.0	0.009259259259259259	0.0	0.009259259259259259	0.027777777777777776	0.009259259259259259	0.009259259259259259	0.009259259259259259	0.009259259259259259	0.0	0.0	0.0	0.0	0.009259259259259259	0.0	0.0	0.0	0.009259259259259259	0.0	0.009259259259259259	0.009259259259259259	0.009259259259259259	0.0	0.0	0.0	0.0	0.0	0.009259259259259259	0.0	0.018518518518518517	0.018518518518518517	0.018518518518518517	0.0	0.009259259259259259	0.009259259259259259	0.018518518518518517	0.009259259259259259	0.0	0.0	0.0	0.018518518518518517	0.027777777777777776	0.0	0.018518518518518517	0.0	0.009259259259259259	0.027777777777777776	0.018518518518518517	0.0	0.0	0.0	0.018518518518518517	0.0	0.0	0.0	0.0	0.037037037037037035	0.009259259259259259	0.037037037037037035	0.009259259259259259	0.018518518518518517	0.0	0.0	0.009259259259259259	0.0	0.009259259259259259	0.009259259259259259	0.0	0.0	0.009259259259259259	0.0	0.0	0.0	0.0	0.0	0.0	0.009259259259259259	0.0	0.0	0.0	0.0	0.009259259259259259	0.009259259259259259	0.009259259259259259	0.018518518518518517	0.0	0.0	0.009259259259259259	0.009259259259259259	0.0	0.0	0.0	0.0	0.009259259259259259	0.0	0.0	0.018518518518518517	0.0	0.018518518518518517	0.0	0.009259259259259259	0.009259259259259259	0.009259259259259259	0.0	0.009259259259259259	0.018518518518518517
BRD4-1	0.03669724770642202	0.0	0.03669724770642202	0.01834862385321101	0.009174311926605505	0.009174311926605505	0.0	0.009174311926605505	0.0	0.027522935779816515	0.01834862385321101	0.0	0.009174311926605505	0.0	0.01834862385321101	0.027522935779816515	0.0	0.009174311926605505	0.009174311926605505	0.009174311926605505	0.01834862385321101	0.009174311926605505	0.009174311926605505	0.03669724770642202	0.009174311926605505	0.009174311926605505	0.01834862385321101	0.0	0.0	0.009174311926605505	0.0	0.009174311926605505	0.009174311926605505	0.0	0.009174311926605505	0.009174311926605505	0.0	0.009174311926605505	0.0	0.0	0.0	0.0	0.0	0.0	0.0	0.009174311926605505	0.009174311926605505	0.009174311926605505	0.0	0.027522935779816515	0.01834862385321101	0.009174311926605505	0.0	0.009174311926605505	0.01834862385321101	0.0	0.0	0.0	0.0	0.0	0.009174311926605505	0.0	0.009174311926605505	0.0	0.01834862385321101	0.0	0.0	0.0	0.0	0.0	0.01834862385321101	0.009174311926605505	0.0	0.0	0.01834862385321101	0.03669724770642202	0.0	0.0	0.0	0.009174311926605505	0.0	0.009174311926605505	0.0	0.0	0.009174311926605505	0.009174311926605505	0.0	0.0	0.0	0.0	0.009174311926605505	0.0	0.0	0.0	0.0	0.009174311926605505	0.0	0.0	0.0	0.009174311926605505	0.0	0.01834862385321101	0.009174311926605505	0.027522935779816515	0.03669724770642202	0.027522935779816515	0.009174311926605505	0.0	0.0	0.009174311926605505	0.009174311926605505	0.0	0.009174311926605505	0.0	0.009174311926605505	0.009174311926605505	0.01834862385321101	0.0	0.0	0.009174311926605505	0.03669724770642202	0.01834862385321101	0.0	0.0	0.03669724770642202
BRD4-2	0.05555555555555555	0.018518518518518517	0.037037037037037035	0.009259259259259259	0.0	0.018518518518518517	0.0	0.0	0.009259259259259259	0.018518518518518517	0.018518518518518517	0.009259259259259259	0.027777777777777776	0.027777777777777776	0.018518518518518517	0.046296296296296294	0.0	0.0	0.0	0.0	0.0	0.0	0.0	0.037037037037037035	0.009259259259259259	0.009259259259259259	0.009259259259259259	0.018518518518518517	0.0	0.0	0.0	0.0	0.009259259259259259	0.0	0.0	0.0	0.009259259259259259	0.0	0.009259259259259259	0.009259259259259259	0.009259259259259259	0.0	0.0	0.0	0.0	0.0	0.009259259259259259	0.0	0.009259259259259259	0.018518518518518517	0.018518518518518517	0.0	0.0	0.009259259259259259	0.018518518518518517	0.009259259259259259	0.0	0.0	0.0	0.009259259259259259	0.018518518518518517	0.0	0.009259259259259259	0.0	0.009259259259259259	0.027777777777777776	0.018518518518518517	0.0	0.0	0.0	0.018518518518518517	0.0	0.009259259259259259	0.0	0.009259259259259259	0.027777777777777776	0.018518518518518517	0.027777777777777776	0.009259259259259259	0.018518518518518517	0.009259259259259259	0.0	0.009259259259259259	0.0	0.009259259259259259	0.0	0.0	0.0	0.009259259259259259	0.0	0.0	0.0	0.0	0.0	0.0	0.009259259259259259	0.0	0.0	0.0	0.0	0.009259259259259259	0.0	0.018518518518518517	0.018518518518518517	0.0	0.0	0.009259259259259259	0.009259259259259259	0.0	0.0	0.009259259259259259	0.0	0.0	0.0	0.0	0.018518518518518517	0.009259259259259259	0.009259259259259259	0.0	0.009259259259259259	0.018518518518518517	0.009259259259259259	0.0	0.009259259259259259	0.027777777777777776
BRD7	0.018691588785046728	0.009345794392523364	0.04672897196261682	0.0	0.037383177570093455	0.0	0.018691588785046728	0.0	0.0	0.018691588785046728	0.009345794392523364	0.0	0.018691588785046728	0.018691588785046728	0.028037383177570093	0.0	0.009345794392523364	0.0	0.009345794392523364	0.009345794392523364	0.009345794392523364	0.0	0.009345794392523364	0.018691588785046728	0.028037383177570093	0.009345794392523364	0.0	0.0	0.0	0.0	0.0	0.0	0.009345794392523364	0.0	0.009345794392523364	0.018691588785046728	0.0	0.0	0.0	0.0	0.0	0.0	0.0	0.0	0.0	0.018691588785046728	0.009345794392523364	0.009345794392523364	0.0	0.018691588785046728	0.037383177570093455	0.0	0.009345794392523364	0.0	0.0	0.0	0.0	0.0	0.0	0.0	0.009345794392523364	0.0	0.0	0.009345794392523364	0.009345794392523364	0.0	0.0	0.009345794392523364	0.0	0.018691588785046728	0.028037383177570093	0.0	0.0	0.009345794392523364	0.009345794392523364	0.009345794392523364	0.0	0.009345794392523364	0.009345794392523364	0.0	0.009345794392523364	0.0	0.0	0.0	0.018691588785046728	0.018691588785046728	0.0	0.0	0.0	0.0	0.018691588785046728	0.0	0.0	0.0	0.0	0.009345794392523364	0.009345794392523364	0.0	0.0	0.018691588785046728	0.037383177570093455	0.028037383177570093	0.009345794392523364	0.018691588785046728	0.028037383177570093	0.0	0.0	0.009345794392523364	0.0	0.009345794392523364	0.0	0.0	0.009345794392523364	0.0	0.009345794392523364	0.009345794392523364	0.018691588785046728	0.009345794392523364	0.0	0.009345794392523364	0.056074766355140186	0.0	0.0	0.018691588785046728	0.018691588785046728
BRD8-1	0.08411214953271028	0.028037383177570093	0.009345794392523364	0.018691588785046728	0.037383177570093455	0.009345794392523364	0.0	0.037383177570093455	0.0	0.018691588785046728	0.0	0.0	0.009345794392523364	0.0	0.009345794392523364	0.018691588785046728	0.009345794392523364	0.0	0.0	0.018691588785046728	0.028037383177570093	0.0	0.037383177570093455	0.009345794392523364	0.028037383177570093	0.009345794392523364	0.0	0.0	0.0	0.018691588785046728	0.0	0.0	0.0	0.0	0.0	0.018691588785046728	0.0	0.009345794392523364	0.0	0.009345794392523364	0.0	0.0	0.0	0.0	0.0	0.0	0.0	0.009345794392523364	0.0	0.018691588785046728	0.028037383177570093	0.009345794392523364	0.0	0.0	0.0	0.009345794392523364	0.0	0.0	0.0	0.0	0.009345794392523364	0.009345794392523364	0.0	0.0	0.009345794392523364	0.028037383177570093	0.0	0.0	0.0	0.0	0.028037383177570093	0.0	0.0	0.0	0.009345794392523364	0.028037383177570093	0.009345794392523364	0.0	0.0	0.018691588785046728	0.0	0.0	0.0	0.0	0.009345794392523364	0.0	0.0	0.0	0.009345794392523364	0.0	0.009345794392523364	0.0	0.0	0.0	0.0	0.018691588785046728	0.0	0.0	0.0	0.0	0.028037383177570093	0.018691588785046728	0.009345794392523364	0.028037383177570093	0.028037383177570093	0.009345794392523364	0.0	0.0	0.0	0.0	0.009345794392523364	0.0	0.009345794392523364	0.018691588785046728	0.009345794392523364	0.0	0.0	0.009345794392523364	0.009345794392523364	0.0	0.037383177570093455	0.009345794392523364	0.0	0.009345794392523364	0.009345794392523364
BRD8-2	0.04672897196261682	0.028037383177570093	0.009345794392523364	0.018691588785046728	0.037383177570093455	0.0	0.0	0.037383177570093455	0.0	0.018691588785046728	0.009345794392523364	0.0	0.018691588785046728	0.009345794392523364	0.028037383177570093	0.018691588785046728	0.0	0.0	0.0	0.009345794392523364	0.037383177570093455	0.009345794392523364	0.018691588785046728	0.018691588785046728	0.009345794392523364	0.0	0.0	0.018691588785046728	0.0	0.0	0.0	0.0	0.0	0.0	0.0	0.018691588785046728	0.0	0.009345794392523364	0.009345794392523364	0.0	0.0	0.0	0.0	0.0	0.0	0.0	0.0	0.0	0.009345794392523364	0.018691588785046728	0.028037383177570093	0.009345794392523364	0.018691588785046728	0.0	0.0	0.0	0.0	0.0	0.0	0.009345794392523364	0.009345794392523364	0.009345794392523364	0.0	0.0	0.028037383177570093	0.018691588785046728	0.0	0.0	0.0	0.0	0.056074766355140186	0.0	0.0	0.009345794392523364	0.0	0.028037383177570093	0.0	0.009345794392523364	0.0	0.009345794392523364	0.0	0.0	0.0	0.0	0.0	0.009345794392523364	0.0	0.009345794392523364	0.0	0.009345794392523364	0.0	0.0	0.0	0.0	0.0	0.009345794392523364	0.0	0.0	0.009345794392523364	0.0	0.037383177570093455	0.018691588785046728	0.009345794392523364	0.009345794392523364	0.04672897196261682	0.018691588785046728	0.0	0.0	0.0	0.0	0.009345794392523364	0.0	0.009345794392523364	0.0	0.0	0.009345794392523364	0.0	0.028037383177570093	0.0	0.009345794392523364	0.018691588785046728	0.009345794392523364	0.0	0.0	0.009345794392523364
BRD9	0.028037383177570093	0.009345794392523364	0.028037383177570093	0.009345794392523364	0.04672897196261682	0.0	0.018691588785046728	0.009345794392523364	0.0	0.018691588785046728	0.009345794392523364	0.0	0.018691588785046728	0.009345794392523364	0.009345794392523364	0.0	0.018691588785046728	0.009345794392523364	0.0	0.009345794392523364	0.018691588785046728	0.009345794392523364	0.018691588785046728	0.037383177570093455	0.009345794392523364	0.0	0.009345794392523364	0.009345794392523364	0.0	0.009345794392523364	0.009345794392523364	0.0	0.009345794392523364	0.0	0.0	0.037383177570093455	0.0	0.0	0.0	0.009345794392523364	0.0	0.0	0.0	0.0	0.0	0.018691588785046728	0.0	0.009345794392523364	0.0	0.0	0.056074766355140186	0.009345794392523364	0.0	0.009345794392523364	0.0	0.009345794392523364	0.0	0.0	0.0	0.0	0.009345794392523364	0.0	0.0	0.009345794392523364	0.009345794392523364	0.0	0.0	0.009345794392523364	0.0	0.009345794392523364	0.037383177570093455	0.0	0.0	0.009345794392523364	0.0	0.009345794392523364	0.0	0.0	0.0	0.0	0.009345794392523364	0.0	0.028037383177570093	0.0	0.0	0.009345794392523364	0.009345794392523364	0.0	0.0	0.0	0.0	0.0	0.0	0.0	0.0	0.018691588785046728	0.0	0.009345794392523364	0.009345794392523364	0.009345794392523364	0.037383177570093455	0.018691588785046728	0.009345794392523364	0.009345794392523364	0.037383177570093455	0.0	0.0	0.0	0.0	0.009345794392523364	0.009345794392523364	0.0	0.009345794392523364	0.0	0.018691588785046728	0.009345794392523364	0.018691588785046728	0.0	0.0	0.028037383177570093	0.018691588785046728	0.0	0.0	0.0	0.009345794392523364
BRDT-1	0.03669724770642202	0.0	0.027522935779816515	0.009174311926605505	0.009174311926605505	0.009174311926605505	0.0	0.009174311926605505	0.0	0.01834862385321101	0.027522935779816515	0.0	0.009174311926605505	0.009174311926605505	0.009174311926605505	0.01834862385321101	0.0	0.009174311926605505	0.01834862385321101	0.009174311926605505	0.01834862385321101	0.009174311926605505	0.01834862385321101	0.01834862385321101	0.03669724770642202	0.0	0.009174311926605505	0.009174311926605505	0.0	0.01834862385321101	0.009174311926605505	0.0	0.0	0.0	0.009174311926605505	0.0	0.0	0.009174311926605505	0.0	0.0	0.0	0.0	0.0	0.0	0.0	0.009174311926605505	0.01834862385321101	0.01834862385321101	0.0	0.01834862385321101	0.009174311926605505	0.009174311926605505	0.0	0.009174311926605505	0.03669724770642202	0.0	0.009174311926605505	0.0	0.0	0.0	0.009174311926605505	0.0	0.009174311926605505	0.0	0.009174311926605505	0.009174311926605505	0.0	0.0	0.0	0.0	0.01834862385321101	0.009174311926605505	0.0	0.0	0.009174311926605505	0.01834862385321101	0.009174311926605505	0.0	0.0	0.009174311926605505	0.0	0.009174311926605505	0.0	0.0	0.009174311926605505	0.009174311926605505	0.0	0.0	0.0	0.0	0.009174311926605505	0.009174311926605505	0.0	0.0	0.0	0.009174311926605505	0.0	0.009174311926605505	0.0	0.0	0.01834862385321101	0.009174311926605505	0.01834862385321101	0.03669724770642202	0.027522935779816515	0.01834862385321101	0.0	0.0	0.0	0.027522935779816515	0.01834862385321101	0.009174311926605505	0.0	0.0	0.01834862385321101	0.0	0.009174311926605505	0.0	0.0	0.009174311926605505	0.045871559633027525	0.009174311926605505	0.0	0.0	0.01834862385321101
BRDT-2	0.027777777777777776	0.009259259259259259	0.046296296296296294	0.009259259259259259	0.027777777777777776	0.009259259259259259	0.0	0.009259259259259259	0.009259259259259259	0.009259259259259259	0.018518518518518517	0.0	0.018518518518518517	0.018518518518518517	0.018518518518518517	0.027777777777777776	0.0	0.0	0.0	0.009259259259259259	0.037037037037037035	0.0	0.0	0.018518518518518517	0.009259259259259259	0.009259259259259259	0.009259259259259259	0.0	0.0	0.009259259259259259	0.0	0.0	0.0	0.009259259259259259	0.009259259259259259	0.0	0.018518518518518517	0.0	0.009259259259259259	0.0	0.009259259259259259	0.0	0.0	0.0	0.009259259259259259	0.0	0.018518518518518517	0.009259259259259259	0.0	0.018518518518518517	0.018518518518518517	0.0	0.0	0.009259259259259259	0.009259259259259259	0.009259259259259259	0.0	0.0	0.0	0.027777777777777776	0.0	0.009259259259259259	0.009259259259259259	0.0	0.009259259259259259	0.027777777777777776	0.0	0.009259259259259259	0.0	0.0	0.0	0.009259259259259259	0.0	0.0	0.018518518518518517	0.046296296296296294	0.018518518518518517	0.009259259259259259	0.0	0.009259259259259259	0.0	0.0	0.009259259259259259	0.0	0.0	0.009259259259259259	0.0	0.0	0.009259259259259259	0.0	0.0	0.0	0.0	0.0	0.0	0.009259259259259259	0.0	0.009259259259259259	0.0	0.009259259259259259	0.018518518518518517	0.0	0.018518518518518517	0.018518518518518517	0.0	0.009259259259259259	0.018518518518518517	0.009259259259259259	0.0	0.0	0.009259259259259259	0.009259259259259259	0.0	0.0	0.0	0.018518518518518517	0.009259259259259259	0.009259259259259259	0.0	0.009259259259259259	0.018518518518518517	0.009259259259259259	0.0	0.027777777777777776	0.009259259259259259
BRPF1A	0.061946902654867256	0.0	0.02654867256637168	0.0	0.008849557522123894	0.0	0.008849557522123894	0.008849557522123894	0.0	0.008849557522123894	0.008849557522123894	0.008849557522123894	0.02654867256637168	0.017699115044247787	0.017699115044247787	0.017699115044247787	0.008849557522123894	0.008849557522123894	0.008849557522123894	0.008849557522123894	0.02654867256637168	0.008849557522123894	0.0	0.035398230088495575	0.017699115044247787	0.008849557522123894	0.0	0.0	0.008849557522123894	0.008849557522123894	0.0	0.0	0.008849557522123894	0.0	0.008849557522123894	0.008849557522123894	0.008849557522123894	0.0	0.0	0.0	0.0	0.0	0.0	0.017699115044247787	0.0	0.02654867256637168	0.0	0.0	0.008849557522123894	0.0	0.008849557522123894	0.0	0.017699115044247787	0.0	0.0	0.008849557522123894	0.0	0.0	0.0	0.008849557522123894	0.0	0.0	0.0	0.0	0.017699115044247787	0.0	0.0	0.0	0.0	0.02654867256637168	0.02654867256637168	0.0	0.0	0.0	0.008849557522123894	0.0	0.008849557522123894	0.0	0.008849557522123894	0.02654867256637168	0.008849557522123894	0.008849557522123894	0.0	0.008849557522123894	0.008849557522123894	0.008849557522123894	0.0	0.0	0.008849557522123894	0.0	0.008849557522123894	0.017699115044247787	0.0	0.008849557522123894	0.0	0.04424778761061947	0.0	0.0	0.0	0.0	0.017699115044247787	0.017699115044247787	0.035398230088495575	0.02654867256637168	0.04424778761061947	0.008849557522123894	0.0	0.0	0.008849557522123894	0.0	0.0	0.0	0.0	0.0	0.0	0.017699115044247787	0.008849557522123894	0.008849557522123894	0.0	0.008849557522123894	0.017699115044247787	0.008849557522123894	0.0	0.0	0.008849557522123894
BRPF1B	0.06542056074766354	0.0	0.028037383177570093	0.0	0.009345794392523364	0.0	0.009345794392523364	0.009345794392523364	0.0	0.009345794392523364	0.009345794392523364	0.009345794392523364	0.028037383177570093	0.018691588785046728	0.018691588785046728	0.018691588785046728	0.009345794392523364	0.009345794392523364	0.0	0.009345794392523364	0.028037383177570093	0.009345794392523364	0.0	0.028037383177570093	0.018691588785046728	0.009345794392523364	0.0	0.0	0.009345794392523364	0.009345794392523364	0.0	0.0	0.009345794392523364	0.0	0.009345794392523364	0.009345794392523364	0.009345794392523364	0.0	0.0	0.0	0.0	0.0	0.0	0.018691588785046728	0.0	0.028037383177570093	0.0	0.0	0.009345794392523364	0.0	0.009345794392523364	0.0	0.018691588785046728	0.0	0.0	0.009345794392523364	0.0	0.0	0.0	0.009345794392523364	0.0	0.0	0.0	0.0	0.018691588785046728	0.0	0.0	0.0	0.0	0.028037383177570093	0.028037383177570093	0.0	0.0	0.0	0.009345794392523364	0.0	0.009345794392523364	0.0	0.0	0.018691588785046728	0.009345794392523364	0.009345794392523364	0.0	0.009345794392523364	0.009345794392523364	0.009345794392523364	0.0	0.0	0.009345794392523364	0.0	0.0	0.018691588785046728	0.0	0.009345794392523364	0.0	0.04672897196261682	0.0	0.0	0.0	0.0	0.018691588785046728	0.018691588785046728	0.037383177570093455	0.028037383177570093	0.04672897196261682	0.009345794392523364	0.0	0.0	0.009345794392523364	0.0	0.0	0.0	0.0	0.0	0.0	0.009345794392523364	0.009345794392523364	0.009345794392523364	0.0	0.009345794392523364	0.018691588785046728	0.009345794392523364	0.0	0.0	0.009345794392523364
BRPF3	0.06542056074766354	0.0	0.028037383177570093	0.0	0.028037383177570093	0.009345794392523364	0.0	0.018691588785046728	0.0	0.0	0.018691588785046728	0.009345794392523364	0.028037383177570093	0.018691588785046728	0.009345794392523364	0.028037383177570093	0.018691588785046728	0.0	0.009345794392523364	0.018691588785046728	0.009345794392523364	0.009345794392523364	0.009345794392523364	0.028037383177570093	0.009345794392523364	0.0	0.0	0.0	0.018691588785046728	0.009345794392523364	0.0	0.0	0.0	0.0	0.0	0.0	0.0	0.009345794392523364	0.0	0.009345794392523364	0.0	0.0	0.0	0.009345794392523364	0.0	0.028037383177570093	0.0	0.0	0.0	0.009345794392523364	0.009345794392523364	0.018691588785046728	0.018691588785046728	0.009345794392523364	0.0	0.0	0.0	0.0	0.0	0.009345794392523364	0.028037383177570093	0.0	0.009345794392523364	0.0	0.0	0.009345794392523364	0.0	0.0	0.0	0.018691588785046728	0.018691588785046728	0.0	0.0	0.0	0.009345794392523364	0.028037383177570093	0.0	0.0	0.009345794392523364	0.009345794392523364	0.018691588785046728	0.0	0.0	0.009345794392523364	0.018691588785046728	0.0	0.0	0.0	0.009345794392523364	0.0	0.0	0.018691588785046728	0.0	0.009345794392523364	0.0	0.028037383177570093	0.0	0.009345794392523364	0.0	0.0	0.018691588785046728	0.009345794392523364	0.037383177570093455	0.028037383177570093	0.018691588785046728	0.0	0.0	0.0	0.0	0.009345794392523364	0.009345794392523364	0.0	0.0	0.0	0.009345794392523364	0.009345794392523364	0.009345794392523364	0.009345794392523364	0.0	0.0	0.028037383177570093	0.0	0.0	0.0	0.009345794392523364
BRWD3-1	0.02830188679245283	0.018867924528301886	0.02830188679245283	0.009433962264150943	0.04716981132075472	0.0	0.0	0.0	0.009433962264150943	0.02830188679245283	0.018867924528301886	0.018867924528301886	0.009433962264150943	0.0	0.018867924528301886	0.009433962264150943	0.009433962264150943	0.009433962264150943	0.0	0.018867924528301886	0.04716981132075472	0.0	0.009433962264150943	0.009433962264150943	0.018867924528301886	0.018867924528301886	0.0	0.0	0.009433962264150943	0.009433962264150943	0.0	0.0	0.009433962264150943	0.0	0.0	0.0	0.0	0.009433962264150943	0.0	0.0	0.009433962264150943	0.0	0.0	0.0	0.0	0.009433962264150943	0.0	0.0	0.009433962264150943	0.018867924528301886	0.03773584905660377	0.0	0.0	0.009433962264150943	0.009433962264150943	0.018867924528301886	0.009433962264150943	0.0	0.0	0.0	0.018867924528301886	0.0	0.009433962264150943	0.0	0.0	0.0	0.0	0.0	0.009433962264150943	0.0	0.009433962264150943	0.009433962264150943	0.009433962264150943	0.0	0.0	0.009433962264150943	0.0	0.009433962264150943	0.0	0.018867924528301886	0.009433962264150943	0.0	0.0	0.0	0.0	0.009433962264150943	0.0	0.0	0.0	0.009433962264150943	0.0	0.0	0.0	0.009433962264150943	0.009433962264150943	0.0	0.0	0.009433962264150943	0.018867924528301886	0.018867924528301886	0.03773584905660377	0.018867924528301886	0.018867924528301886	0.018867924528301886	0.0	0.009433962264150943	0.0	0.0	0.0	0.009433962264150943	0.009433962264150943	0.009433962264150943	0.0	0.009433962264150943	0.0	0.018867924528301886	0.0	0.009433962264150943	0.0	0.018867924528301886	0.02830188679245283	0.009433962264150943	0.0	0.009433962264150943	0.009433962264150943
BRWD3-2	0.007751937984496124	0.015503875968992248	0.007751937984496124	0.007751937984496124	0.03875968992248062	0.0	0.0	0.007751937984496124	0.015503875968992248	0.023255813953488372	0.007751937984496124	0.0	0.0	0.007751937984496124	0.023255813953488372	0.015503875968992248	0.015503875968992248	0.0	0.0	0.015503875968992248	0.015503875968992248	0.015503875968992248	0.0	0.015503875968992248	0.007751937984496124	0.0	0.0	0.0	0.0	0.007751937984496124	0.0	0.0	0.007751937984496124	0.0	0.0	0.0	0.0	0.007751937984496124	0.007751937984496124	0.007751937984496124	0.0	0.0	0.007751937984496124	0.0	0.007751937984496124	0.015503875968992248	0.0	0.0	0.007751937984496124	0.023255813953488372	0.0	0.015503875968992248	0.007751937984496124	0.0	0.007751937984496124	0.0	0.0	0.0	0.0	0.0	0.0	0.0	0.0	0.0	0.015503875968992248	0.015503875968992248	0.0	0.0	0.007751937984496124	0.007751937984496124	0.015503875968992248	0.0	0.007751937984496124	0.007751937984496124	0.023255813953488372	0.031007751937984496	0.007751937984496124	0.007751937984496124	0.007751937984496124	0.0	0.0	0.007751937984496124	0.0	0.0	0.015503875968992248	0.0	0.0	0.0	0.007751937984496124	0.007751937984496124	0.0	0.007751937984496124	0.0	0.0	0.007751937984496124	0.015503875968992248	0.007751937984496124	0.007751937984496124	0.015503875968992248	0.023255813953488372	0.03875968992248062	0.007751937984496124	0.015503875968992248	0.031007751937984496	0.007751937984496124	0.007751937984496124	0.0	0.007751937984496124	0.0	0.007751937984496124	0.023255813953488372	0.0	0.007751937984496124	0.007751937984496124	0.0	0.023255813953488372	0.0	0.007751937984496124	0.007751937984496124	0.031007751937984496	0.03875968992248062	0.0	0.023255813953488372	0.015503875968992248	0.015503875968992248
CECR2	0.019417475728155338	0.019417475728155338	0.02912621359223301	0.009708737864077669	0.0	0.0	0.0	0.019417475728155338	0.0	0.009708737864077669	0.019417475728155338	0.0	0.019417475728155338	0.0	0.009708737864077669	0.019417475728155338	0.0	0.019417475728155338	0.019417475728155338	0.019417475728155338	0.019417475728155338	0.0	0.0	0.019417475728155338	0.019417475728155338	0.0	0.0	0.0	0.009708737864077669	0.019417475728155338	0.0	0.0	0.0	0.0	0.009708737864077669	0.009708737864077669	0.0	0.009708737864077669	0.0	0.009708737864077669	0.0	0.0	0.0	0.0	0.0	0.02912621359223301	0.009708737864077669	0.009708737864077669	0.0	0.009708737864077669	0.019417475728155338	0.0	0.009708737864077669	0.0	0.02912621359223301	0.0	0.0	0.0	0.0	0.019417475728155338	0.019417475728155338	0.019417475728155338	0.0	0.009708737864077669	0.0	0.0	0.0	0.0	0.009708737864077669	0.009708737864077669	0.009708737864077669	0.009708737864077669	0.0	0.0	0.009708737864077669	0.009708737864077669	0.0	0.009708737864077669	0.0	0.009708737864077669	0.009708737864077669	0.0	0.0	0.0	0.019417475728155338	0.0	0.0	0.009708737864077669	0.0	0.009708737864077669	0.0	0.019417475728155338	0.0	0.009708737864077669	0.009708737864077669	0.019417475728155338	0.019417475728155338	0.0	0.0	0.009708737864077669	0.02912621359223301	0.009708737864077669	0.0	0.04854368932038835	0.0	0.019417475728155338	0.009708737864077669	0.009708737864077669	0.0	0.009708737864077669	0.009708737864077669	0.0	0.009708737864077669	0.009708737864077669	0.0	0.009708737864077669	0.009708737864077669	0.0	0.0	0.009708737864077669	0.009708737864077669	0.009708737864077669	0.019417475728155338	0.009708737864077669	0.0
CREBBP	0.027522935779816515	0.01834862385321101	0.009174311926605505	0.009174311926605505	0.027522935779816515	0.01834862385321101	0.0	0.027522935779816515	0.009174311926605505	0.01834862385321101	0.0	0.0	0.009174311926605505	0.0	0.01834862385321101	0.027522935779816515	0.0	0.0	0.009174311926605505	0.027522935779816515	0.0	0.01834862385321101	0.0	0.009174311926605505	0.01834862385321101	0.009174311926605505	0.009174311926605505	0.0	0.009174311926605505	0.0	0.0	0.0	0.0	0.009174311926605505	0.0	0.0	0.009174311926605505	0.0	0.0	0.027522935779816515	0.009174311926605505	0.0	0.0	0.0	0.009174311926605505	0.0	0.009174311926605505	0.009174311926605505	0.009174311926605505	0.01834862385321101	0.009174311926605505	0.009174311926605505	0.0	0.009174311926605505	0.0	0.0	0.0	0.0	0.0	0.009174311926605505	0.009174311926605505	0.0	0.009174311926605505	0.0	0.009174311926605505	0.0	0.0	0.0	0.0	0.0	0.009174311926605505	0.0	0.0	0.01834862385321101	0.027522935779816515	0.01834862385321101	0.01834862385321101	0.009174311926605505	0.009174311926605505	0.009174311926605505	0.0	0.009174311926605505	0.0	0.0	0.0	0.0	0.0	0.0	0.0	0.0	0.01834862385321101	0.0	0.0	0.0	0.0	0.027522935779816515	0.009174311926605505	0.0	0.01834862385321101	0.009174311926605505	0.027522935779816515	0.009174311926605505	0.009174311926605505	0.027522935779816515	0.01834862385321101	0.009174311926605505	0.0	0.009174311926605505	0.0	0.01834862385321101	0.01834862385321101	0.0	0.009174311926605505	0.0	0.0	0.009174311926605505	0.009174311926605505	0.0	0.009174311926605505	0.027522935779816515	0.05504587155963303	0.0	0.01834862385321101	0.0	0.0
EP300	0.027522935779816515	0.01834862385321101	0.009174311926605505	0.0	0.027522935779816515	0.01834862385321101	0.0	0.027522935779816515	0.009174311926605505	0.01834862385321101	0.0	0.0	0.009174311926605505	0.0	0.01834862385321101	0.01834862385321101	0.0	0.0	0.009174311926605505	0.027522935779816515	0.0	0.01834862385321101	0.0	0.01834862385321101	0.01834862385321101	0.009174311926605505	0.009174311926605505	0.0	0.009174311926605505	0.0	0.0	0.0	0.0	0.009174311926605505	0.0	0.0	0.009174311926605505	0.0	0.0	0.027522935779816515	0.009174311926605505	0.0	0.0	0.0	0.009174311926605505	0.0	0.009174311926605505	0.009174311926605505	0.009174311926605505	0.01834862385321101	0.0	0.009174311926605505	0.0	0.009174311926605505	0.009174311926605505	0.0	0.0	0.0	0.0	0.009174311926605505	0.009174311926605505	0.0	0.009174311926605505	0.0	0.009174311926605505	0.0	0.0	0.0	0.0	0.0	0.009174311926605505	0.0	0.0	0.01834862385321101	0.027522935779816515	0.01834862385321101	0.01834862385321101	0.009174311926605505	0.009174311926605505	0.009174311926605505	0.0	0.009174311926605505	0.0	0.0	0.0	0.0	0.0	0.0	0.0	0.0	0.01834862385321101	0.0	0.0	0.0	0.0	0.027522935779816515	0.009174311926605505	0.0	0.01834862385321101	0.009174311926605505	0.027522935779816515	0.009174311926605505	0.009174311926605505	0.027522935779816515	0.01834862385321101	0.009174311926605505	0.0	0.009174311926605505	0.0	0.01834862385321101	0.01834862385321101	0.0	0.009174311926605505	0.0	0.0	0.01834862385321101	0.009174311926605505	0.0	0.009174311926605505	0.027522935779816515	0.05504587155963303	0.0	0.01834862385321101	0.0	0.0
KAT2A	0.028037383177570093	0.0	0.009345794392523364	0.018691588785046728	0.018691588785046728	0.009345794392523364	0.0	0.0	0.0	0.018691588785046728	0.0	0.009345794392523364	0.009345794392523364	0.018691588785046728	0.037383177570093455	0.018691588785046728	0.0	0.009345794392523364	0.0	0.009345794392523364	0.018691588785046728	0.0	0.018691588785046728	0.018691588785046728	0.009345794392523364	0.009345794392523364	0.0	0.0	0.009345794392523364	0.009345794392523364	0.009345794392523364	0.018691588785046728	0.009345794392523364	0.009345794392523364	0.0	0.009345794392523364	0.0	0.0	0.0	0.0	0.009345794392523364	0.0	0.0	0.0	0.0	0.009345794392523364	0.009345794392523364	0.009345794392523364	0.0	0.018691588785046728	0.009345794392523364	0.009345794392523364	0.018691588785046728	0.0	0.0	0.0	0.018691588785046728	0.0	0.0	0.009345794392523364	0.009345794392523364	0.0	0.0	0.0	0.009345794392523364	0.009345794392523364	0.009345794392523364	0.0	0.0	0.009345794392523364	0.028037383177570093	0.0	0.018691588785046728	0.009345794392523364	0.009345794392523364	0.018691588785046728	0.0	0.018691588785046728	0.0	0.018691588785046728	0.0	0.009345794392523364	0.0	0.0	0.018691588785046728	0.009345794392523364	0.009345794392523364	0.0	0.0	0.0	0.0	0.0	0.0	0.0	0.0	0.018691588785046728	0.0	0.0	0.018691588785046728	0.0	0.018691588785046728	0.018691588785046728	0.028037383177570093	0.009345794392523364	0.018691588785046728	0.009345794392523364	0.0	0.0	0.0	0.0	0.009345794392523364	0.009345794392523364	0.009345794392523364	0.009345794392523364	0.018691588785046728	0.009345794392523364	0.018691588785046728	0.009345794392523364	0.0	0.018691588785046728	0.018691588785046728	0.0	0.009345794392523364	0.009345794392523364	0.009345794392523364
MLL	0.022556390977443608	0.0	0.03759398496240601	0.015037593984962405	0.045112781954887216	0.0	0.0	0.0	0.0	0.007518796992481203	0.007518796992481203	0.007518796992481203	0.015037593984962405	0.0	0.03007518796992481	0.015037593984962405	0.007518796992481203	0.015037593984962405	0.0	0.007518796992481203	0.03007518796992481	0.007518796992481203	0.007518796992481203	0.015037593984962405	0.045112781954887216	0.0	0.0	0.007518796992481203	0.0	0.0	0.007518796992481203	0.0	0.0	0.0	0.0	0.0	0.0	0.0	0.0	0.007518796992481203	0.0	0.0	0.0	0.0	0.0	0.0	0.0	0.0	0.007518796992481203	0.007518796992481203	0.022556390977443608	0.007518796992481203	0.0	0.007518796992481203	0.007518796992481203	0.0	0.0	0.007518796992481203	0.0	0.0	0.015037593984962405	0.0	0.007518796992481203	0.0	0.0	0.007518796992481203	0.0	0.0	0.0	0.0	0.022556390977443608	0.007518796992481203	0.0	0.007518796992481203	0.022556390977443608	0.022556390977443608	0.0	0.007518796992481203	0.007518796992481203	0.03007518796992481	0.0	0.0	0.0	0.0	0.007518796992481203	0.007518796992481203	0.0	0.0	0.007518796992481203	0.0	0.007518796992481203	0.0	0.0	0.0	0.015037593984962405	0.015037593984962405	0.0	0.0	0.007518796992481203	0.015037593984962405	0.05263157894736842	0.0	0.007518796992481203	0.015037593984962405	0.022556390977443608	0.0	0.007518796992481203	0.0	0.0	0.007518796992481203	0.007518796992481203	0.0	0.0	0.0	0.022556390977443608	0.03759398496240601	0.0	0.0	0.022556390977443608	0.015037593984962405	0.03007518796992481	0.0	0.022556390977443608	0.03759398496240601	0.022556390977443608
PB1-1	0.009174311926605505	0.009174311926605505	0.009174311926605505	0.0	0.045871559633027525	0.01834862385321101	0.0	0.0	0.009174311926605505	0.01834862385321101	0.03669724770642202	0.0	0.0	0.009174311926605505	0.01834862385321101	0.009174311926605505	0.009174311926605505	0.0	0.009174311926605505	0.009174311926605505	0.01834862385321101	0.0	0.027522935779816515	0.009174311926605505	0.01834862385321101	0.0	0.0	0.01834862385321101	0.0	0.009174311926605505	0.0	0.0	0.009174311926605505	0.009174311926605505	0.0	0.009174311926605505	0.0	0.0	0.009174311926605505	0.009174311926605505	0.01834862385321101	0.0	0.0	0.009174311926605505	0.0	0.009174311926605505	0.0	0.0	0.0	0.01834862385321101	0.01834862385321101	0.009174311926605505	0.009174311926605505	0.009174311926605505	0.01834862385321101	0.0	0.0	0.0	0.0	0.0	0.0	0.0	0.009174311926605505	0.0	0.009174311926605505	0.009174311926605505	0.009174311926605505	0.0	0.009174311926605505	0.0	0.0	0.009174311926605505	0.009174311926605505	0.01834862385321101	0.009174311926605505	0.01834862385321101	0.027522935779816515	0.0	0.0	0.009174311926605505	0.009174311926605505	0.009174311926605505	0.01834862385321101	0.009174311926605505	0.009174311926605505	0.0	0.0	0.0	0.0	0.0	0.009174311926605505	0.009174311926605505	0.0	0.0	0.009174311926605505	0.01834862385321101	0.0	0.0	0.0	0.009174311926605505	0.027522935779816515	0.0	0.027522935779816515	0.027522935779816515	0.0	0.0	0.009174311926605505	0.0	0.0	0.0	0.01834862385321101	0.0	0.009174311926605505	0.009174311926605505	0.009174311926605505	0.009174311926605505	0.027522935779816515	0.0	0.0	0.009174311926605505	0.027522935779816515	0.0	0.009174311926605505	0.01834862385321101	0.01834862385321101
PB1-2	0.05309734513274336	0.0	0.02654867256637168	0.017699115044247787	0.02654867256637168	0.008849557522123894	0.008849557522123894	0.008849557522123894	0.0	0.008849557522123894	0.017699115044247787	0.0	0.017699115044247787	0.02654867256637168	0.02654867256637168	0.035398230088495575	0.0	0.008849557522123894	0.0	0.008849557522123894	0.0	0.017699115044247787	0.008849557522123894	0.008849557522123894	0.05309734513274336	0.008849557522123894	0.0	0.017699115044247787	0.0	0.0	0.017699115044247787	0.0	0.0	0.0	0.0	0.0	0.0	0.0	0.008849557522123894	0.008849557522123894	0.0	0.0	0.0	0.0	0.0	0.0	0.0	0.008849557522123894	0.017699115044247787	0.0	0.017699115044247787	0.008849557522123894	0.0	0.008849557522123894	0.02654867256637168	0.0	0.0	0.0	0.0	0.0	0.017699115044247787	0.0	0.0	0.0	0.0	0.02654867256637168	0.0	0.0	0.0	0.008849557522123894	0.02654867256637168	0.008849557522123894	0.0	0.0	0.0	0.02654867256637168	0.008849557522123894	0.008849557522123894	0.017699115044247787	0.017699115044247787	0.0	0.008849557522123894	0.0	0.0	0.0	0.0	0.0	0.0	0.0	0.0	0.0	0.0	0.0	0.0	0.0	0.02654867256637168	0.0	0.0	0.0	0.0	0.017699115044247787	0.017699115044247787	0.035398230088495575	0.008849557522123894	0.017699115044247787	0.0	0.0	0.008849557522123894	0.0	0.017699115044247787	0.02654867256637168	0.0	0.0	0.0	0.0	0.008849557522123894	0.008849557522123894	0.0	0.0	0.008849557522123894	0.04424778761061947	0.0	0.008849557522123894	0.0	0.02654867256637168
PB1-3	0.009174311926605505	0.01834862385321101	0.01834862385321101	0.009174311926605505	0.009174311926605505	0.0	0.0	0.009174311926605505	0.01834862385321101	0.0	0.01834862385321101	0.0	0.01834862385321101	0.0	0.027522935779816515	0.009174311926605505	0.0	0.009174311926605505	0.0	0.01834862385321101	0.045871559633027525	0.0	0.0	0.0	0.045871559633027525	0.0	0.0	0.0	0.009174311926605505	0.0	0.0	0.0	0.009174311926605505	0.0	0.01834862385321101	0.009174311926605505	0.0	0.009174311926605505	0.0	0.0	0.0	0.0	0.0	0.0	0.027522935779816515	0.01834862385321101	0.0	0.0	0.009174311926605505	0.009174311926605505	0.009174311926605505	0.0	0.009174311926605505	0.009174311926605505	0.027522935779816515	0.0	0.0	0.0	0.0	0.01834862385321101	0.009174311926605505	0.01834862385321101	0.01834862385321101	0.009174311926605505	0.0	0.009174311926605505	0.0	0.0	0.0	0.0	0.0	0.0	0.009174311926605505	0.0	0.027522935779816515	0.009174311926605505	0.0	0.0	0.0	0.01834862385321101	0.0	0.009174311926605505	0.0	0.009174311926605505	0.0	0.009174311926605505	0.0	0.0	0.0	0.0	0.0	0.0	0.0	0.0	0.0	0.027522935779816515	0.009174311926605505	0.0	0.009174311926605505	0.0	0.03669724770642202	0.009174311926605505	0.045871559633027525	0.009174311926605505	0.03669724770642202	0.0	0.01834862385321101	0.0	0.0	0.0	0.009174311926605505	0.0	0.009174311926605505	0.0	0.009174311926605505	0.009174311926605505	0.01834862385321101	0.0	0.0	0.0	0.045871559633027525	0.009174311926605505	0.01834862385321101	0.009174311926605505	0.027522935779816515
PB1-4	0.02727272727272727	0.01818181818181818	0.01818181818181818	0.05454545454545454	0.00909090909090909	0.00909090909090909	0.0	0.00909090909090909	0.0	0.01818181818181818	0.03636363636363636	0.0	0.02727272727272727	0.01818181818181818	0.01818181818181818	0.01818181818181818	0.0	0.01818181818181818	0.01818181818181818	0.00909090909090909	0.00909090909090909	0.0	0.0	0.00909090909090909	0.00909090909090909	0.01818181818181818	0.0	0.0	0.0	0.0	0.0	0.0	0.00909090909090909	0.0	0.0	0.00909090909090909	0.0	0.0	0.0	0.00909090909090909	0.0	0.0	0.0	0.0	0.0	0.00909090909090909	0.0	0.0	0.02727272727272727	0.0	0.05454545454545454	0.0	0.00909090909090909	0.0	0.00909090909090909	0.00909090909090909	0.0	0.0	0.0	0.00909090909090909	0.00909090909090909	0.00909090909090909	0.00909090909090909	0.01818181818181818	0.00909090909090909	0.00909090909090909	0.00909090909090909	0.00909090909090909	0.0	0.00909090909090909	0.02727272727272727	0.0	0.00909090909090909	0.00909090909090909	0.00909090909090909	0.01818181818181818	0.00909090909090909	0.03636363636363636	0.0	0.00909090909090909	0.0	0.00909090909090909	0.0	0.0	0.00909090909090909	0.00909090909090909	0.00909090909090909	0.00909090909090909	0.0	0.00909090909090909	0.02727272727272727	0.0	0.0	0.0	0.0	0.01818181818181818	0.0	0.0	0.0	0.0	0.00909090909090909	0.00909090909090909	0.03636363636363636	0.00909090909090909	0.00909090909090909	0.0	0.0	0.0	0.0	0.0	0.00909090909090909	0.0	0.00909090909090909	0.0	0.0	0.01818181818181818	0.00909090909090909	0.00909090909090909	0.00909090909090909	0.0	0.00909090909090909	0.0	0.00909090909090909	0.0	0.0
PB1-5	0.04424778761061947	0.02654867256637168	0.017699115044247787	0.017699115044247787	0.008849557522123894	0.008849557522123894	0.0	0.008849557522123894	0.008849557522123894	0.008849557522123894	0.008849557522123894	0.0	0.02654867256637168	0.0	0.017699115044247787	0.017699115044247787	0.0	0.008849557522123894	0.008849557522123894	0.017699115044247787	0.017699115044247787	0.0	0.008849557522123894	0.017699115044247787	0.035398230088495575	0.008849557522123894	0.0	0.008849557522123894	0.0	0.017699115044247787	0.008849557522123894	0.0	0.0	0.0	0.0	0.0	0.0	0.0	0.008849557522123894	0.0	0.008849557522123894	0.0	0.0	0.0	0.0	0.0	0.0	0.0	0.02654867256637168	0.008849557522123894	0.017699115044247787	0.0	0.017699115044247787	0.0	0.02654867256637168	0.008849557522123894	0.0	0.0	0.0	0.008849557522123894	0.02654867256637168	0.0	0.0	0.008849557522123894	0.008849557522123894	0.017699115044247787	0.0	0.0	0.0	0.0	0.008849557522123894	0.008849557522123894	0.017699115044247787	0.008849557522123894	0.0	0.017699115044247787	0.008849557522123894	0.0	0.02654867256637168	0.008849557522123894	0.008849557522123894	0.008849557522123894	0.0	0.0	0.0	0.008849557522123894	0.0	0.008849557522123894	0.0	0.0	0.0	0.008849557522123894	0.0	0.0	0.0	0.017699115044247787	0.0	0.008849557522123894	0.008849557522123894	0.0	0.02654867256637168	0.0	0.008849557522123894	0.008849557522123894	0.017699115044247787	0.0	0.0	0.0	0.0	0.017699115044247787	0.017699115044247787	0.017699115044247787	0.008849557522123894	0.0	0.008849557522123894	0.02654867256637168	0.008849557522123894	0.008849557522123894	0.0	0.017699115044247787	0.017699115044247787	0.008849557522123894	0.017699115044247787	0.0	0.0
PB1-6	0.009523809523809525	0.0	0.01904761904761905	0.0380952380952381	0.01904761904761905	0.009523809523809525	0.0	0.0	0.01904761904761905	0.009523809523809525	0.009523809523809525	0.0	0.01904761904761905	0.009523809523809525	0.01904761904761905	0.02857142857142857	0.0	0.009523809523809525	0.0	0.01904761904761905	0.01904761904761905	0.009523809523809525	0.02857142857142857	0.009523809523809525	0.009523809523809525	0.0	0.0	0.009523809523809525	0.0	0.009523809523809525	0.009523809523809525	0.0	0.0	0.0	0.0	0.0	0.0	0.009523809523809525	0.0	0.0	0.01904761904761905	0.0	0.0	0.009523809523809525	0.0	0.0	0.0	0.0	0.01904761904761905	0.009523809523809525	0.0	0.009523809523809525	0.01904761904761905	0.009523809523809525	0.009523809523809525	0.0	0.0	0.009523809523809525	0.0	0.0	0.01904761904761905	0.0	0.0	0.0	0.009523809523809525	0.0	0.0	0.0	0.009523809523809525	0.0	0.01904761904761905	0.009523809523809525	0.0	0.01904761904761905	0.009523809523809525	0.0380952380952381	0.01904761904761905	0.009523809523809525	0.0	0.02857142857142857	0.0	0.0	0.0	0.0	0.0	0.01904761904761905	0.0	0.0	0.0	0.0	0.02857142857142857	0.0	0.0	0.009523809523809525	0.0	0.009523809523809525	0.0	0.0	0.009523809523809525	0.01904761904761905	0.0380952380952381	0.009523809523809525	0.0	0.009523809523809525	0.009523809523809525	0.0	0.009523809523809525	0.0	0.009523809523809525	0.01904761904761905	0.0	0.009523809523809525	0.0	0.0	0.02857142857142857	0.01904761904761905	0.0	0.009523809523809525	0.009523809523809525	0.01904761904761905	0.009523809523809525	0.01904761904761905	0.01904761904761905	0.0	0.0
PCAF	0.009345794392523364	0.0	0.009345794392523364	0.018691588785046728	0.009345794392523364	0.009345794392523364	0.009345794392523364	0.0	0.0	0.028037383177570093	0.0	0.009345794392523364	0.009345794392523364	0.009345794392523364	0.037383177570093455	0.018691588785046728	0.0	0.009345794392523364	0.0	0.009345794392523364	0.018691588785046728	0.0	0.018691588785046728	0.009345794392523364	0.009345794392523364	0.009345794392523364	0.0	0.0	0.009345794392523364	0.009345794392523364	0.009345794392523364	0.009345794392523364	0.009345794392523364	0.009345794392523364	0.009345794392523364	0.0	0.0	0.0	0.0	0.009345794392523364	0.009345794392523364	0.0	0.0	0.0	0.0	0.009345794392523364	0.009345794392523364	0.009345794392523364	0.0	0.028037383177570093	0.0	0.018691588785046728	0.018691588785046728	0.0	0.0	0.0	0.018691588785046728	0.0	0.0	0.009345794392523364	0.009345794392523364	0.0	0.0	0.0	0.009345794392523364	0.009345794392523364	0.009345794392523364	0.0	0.0	0.009345794392523364	0.028037383177570093	0.0	0.018691588785046728	0.009345794392523364	0.009345794392523364	0.018691588785046728	0.0	0.009345794392523364	0.0	0.018691588785046728	0.0	0.009345794392523364	0.0	0.0	0.009345794392523364	0.009345794392523364	0.009345794392523364	0.0	0.0	0.0	0.0	0.0	0.0	0.0	0.0	0.018691588785046728	0.0	0.009345794392523364	0.018691588785046728	0.0	0.018691588785046728	0.028037383177570093	0.028037383177570093	0.009345794392523364	0.018691588785046728	0.009345794392523364	0.0	0.0	0.0	0.0	0.018691588785046728	0.009345794392523364	0.009345794392523364	0.018691588785046728	0.009345794392523364	0.009345794392523364	0.009345794392523364	0.009345794392523364	0.0	0.018691588785046728	0.028037383177570093	0.0	0.009345794392523364	0.009345794392523364	0.018691588785046728
PHIP-1	0.049019607843137254	0.0196078431372549	0.0196078431372549	0.0	0.0392156862745098	0.00980392156862745	0.0	0.0	0.00980392156862745	0.029411764705882353	0.0	0.029411764705882353	0.0	0.0	0.0196078431372549	0.0196078431372549	0.0	0.00980392156862745	0.0	0.00980392156862745	0.0392156862745098	0.0	0.0	0.00980392156862745	0.0392156862745098	0.00980392156862745	0.0	0.00980392156862745	0.00980392156862745	0.00980392156862745	0.0	0.0	0.00980392156862745	0.0	0.0	0.0	0.0	0.00980392156862745	0.0	0.0	0.00980392156862745	0.0	0.0	0.0	0.0	0.00980392156862745	0.0	0.0	0.00980392156862745	0.0196078431372549	0.00980392156862745	0.0	0.0	0.00980392156862745	0.00980392156862745	0.029411764705882353	0.00980392156862745	0.0	0.0	0.0	0.00980392156862745	0.0	0.0	0.0	0.0	0.0	0.0	0.0	0.00980392156862745	0.0	0.00980392156862745	0.00980392156862745	0.00980392156862745	0.0	0.00980392156862745	0.0196078431372549	0.0	0.00980392156862745	0.0	0.0196078431372549	0.0	0.0	0.0	0.0	0.0	0.00980392156862745	0.0	0.0	0.0	0.00980392156862745	0.0	0.0	0.0	0.00980392156862745	0.00980392156862745	0.00980392156862745	0.0	0.00980392156862745	0.00980392156862745	0.0	0.0392156862745098	0.029411764705882353	0.0196078431372549	0.0196078431372549	0.00980392156862745	0.0	0.0	0.0	0.0	0.00980392156862745	0.00980392156862745	0.00980392156862745	0.0	0.00980392156862745	0.00980392156862745	0.0196078431372549	0.0	0.00980392156862745	0.0	0.00980392156862745	0.049019607843137254	0.0	0.0196078431372549	0.00980392156862745	0.00980392156862745
PHIP-2	0.0	0.019230769230769232	0.0	0.019230769230769232	0.028846153846153848	0.0	0.009615384615384616	0.009615384615384616	0.0	0.038461538461538464	0.019230769230769232	0.0	0.0	0.009615384615384616	0.0	0.028846153846153848	0.019230769230769232	0.0	0.0	0.009615384615384616	0.04807692307692308	0.009615384615384616	0.009615384615384616	0.0	0.009615384615384616	0.0	0.0	0.0	0.0	0.009615384615384616	0.0	0.0	0.0	0.009615384615384616	0.0	0.0	0.0	0.009615384615384616	0.009615384615384616	0.009615384615384616	0.0	0.0	0.0	0.009615384615384616	0.009615384615384616	0.009615384615384616	0.0	0.0	0.009615384615384616	0.028846153846153848	0.009615384615384616	0.019230769230769232	0.0	0.0	0.019230769230769232	0.0	0.0	0.0	0.0	0.0	0.0	0.0	0.0	0.0	0.019230769230769232	0.019230769230769232	0.0	0.0	0.0	0.009615384615384616	0.0	0.0	0.009615384615384616	0.0	0.019230769230769232	0.038461538461538464	0.0	0.009615384615384616	0.0	0.009615384615384616	0.009615384615384616	0.0	0.009615384615384616	0.0	0.009615384615384616	0.009615384615384616	0.0	0.0	0.0	0.0	0.009615384615384616	0.0	0.009615384615384616	0.0	0.009615384615384616	0.009615384615384616	0.009615384615384616	0.0	0.009615384615384616	0.019230769230769232	0.019230769230769232	0.019230769230769232	0.019230769230769232	0.038461538461538464	0.009615384615384616	0.0	0.0	0.009615384615384616	0.009615384615384616	0.0	0.019230769230769232	0.0	0.009615384615384616	0.009615384615384616	0.0	0.0	0.009615384615384616	0.0	0.019230769230769232	0.009615384615384616	0.038461538461538464	0.0	0.019230769230769232	0.019230769230769232	0.019230769230769232
PRKCBP1	0.009433962264150943	0.009433962264150943	0.03773584905660377	0.009433962264150943	0.02830188679245283	0.018867924528301886	0.0	0.009433962264150943	0.0	0.018867924528301886	0.018867924528301886	0.018867924528301886	0.009433962264150943	0.0	0.018867924528301886	0.02830188679245283	0.009433962264150943	0.009433962264150943	0.0	0.018867924528301886	0.018867924528301886	0.009433962264150943	0.018867924528301886	0.02830188679245283	0.02830188679245283	0.03773584905660377	0.009433962264150943	0.0	0.009433962264150943	0.009433962264150943	0.0	0.0	0.0	0.0	0.0	0.0	0.0	0.0	0.0	0.009433962264150943	0.0	0.0	0.0	0.0	0.0	0.009433962264150943	0.0	0.009433962264150943	0.0	0.0	0.009433962264150943	0.009433962264150943	0.009433962264150943	0.0	0.018867924528301886	0.018867924528301886	0.0	0.0	0.0	0.0	0.018867924528301886	0.0	0.009433962264150943	0.0	0.0	0.009433962264150943	0.0	0.0	0.0	0.0	0.02830188679245283	0.0	0.0	0.009433962264150943	0.018867924528301886	0.0	0.018867924528301886	0.009433962264150943	0.009433962264150943	0.018867924528301886	0.018867924528301886	0.0	0.0	0.0	0.0	0.0	0.0	0.0	0.009433962264150943	0.009433962264150943	0.0	0.0	0.0	0.0	0.0	0.009433962264150943	0.0	0.009433962264150943	0.0	0.0	0.03773584905660377	0.0	0.009433962264150943	0.03773584905660377	0.02830188679245283	0.009433962264150943	0.0	0.0	0.0	0.0	0.009433962264150943	0.0	0.009433962264150943	0.0	0.018867924528301886	0.02830188679245283	0.009433962264150943	0.009433962264150943	0.0	0.0	0.03773584905660377	0.0	0.0	0.009433962264150943	0.0
SMARCA2A	0.031496062992125984	0.0	0.015748031496062992	0.015748031496062992	0.023622047244094488	0.007874015748031496	0.0	0.007874015748031496	0.007874015748031496	0.0	0.0	0.0	0.007874015748031496	0.007874015748031496	0.023622047244094488	0.031496062992125984	0.007874015748031496	0.015748031496062992	0.0	0.007874015748031496	0.015748031496062992	0.007874015748031496	0.015748031496062992	0.015748031496062992	0.047244094488188976	0.0	0.0	0.0	0.0	0.007874015748031496	0.0	0.0	0.0	0.007874015748031496	0.0	0.0	0.0	0.007874015748031496	0.007874015748031496	0.015748031496062992	0.007874015748031496	0.0	0.0	0.007874015748031496	0.0	0.007874015748031496	0.0	0.0	0.0	0.0	0.007874015748031496	0.0	0.015748031496062992	0.0	0.015748031496062992	0.0	0.0	0.007874015748031496	0.0	0.0	0.007874015748031496	0.007874015748031496	0.0	0.007874015748031496	0.007874015748031496	0.015748031496062992	0.0	0.015748031496062992	0.0	0.0	0.047244094488188976	0.0	0.015748031496062992	0.0	0.007874015748031496	0.015748031496062992	0.007874015748031496	0.0	0.015748031496062992	0.023622047244094488	0.0	0.007874015748031496	0.007874015748031496	0.0	0.0	0.015748031496062992	0.0	0.0	0.007874015748031496	0.007874015748031496	0.0	0.0	0.0	0.0	0.007874015748031496	0.015748031496062992	0.0	0.0	0.0	0.0	0.031496062992125984	0.015748031496062992	0.015748031496062992	0.031496062992125984	0.031496062992125984	0.0	0.0	0.007874015748031496	0.0	0.007874015748031496	0.015748031496062992	0.0	0.015748031496062992	0.0	0.015748031496062992	0.007874015748031496	0.007874015748031496	0.0	0.0	0.0	0.03937007874015748	0.007874015748031496	0.015748031496062992	0.0	0.031496062992125984
SMARCA2B	0.03669724770642202	0.0	0.01834862385321101	0.01834862385321101	0.027522935779816515	0.009174311926605505	0.0	0.009174311926605505	0.009174311926605505	0.0	0.0	0.0	0.009174311926605505	0.009174311926605505	0.027522935779816515	0.01834862385321101	0.009174311926605505	0.009174311926605505	0.0	0.009174311926605505	0.01834862385321101	0.009174311926605505	0.01834862385321101	0.01834862385321101	0.03669724770642202	0.0	0.0	0.0	0.0	0.009174311926605505	0.0	0.0	0.0	0.009174311926605505	0.0	0.0	0.0	0.009174311926605505	0.009174311926605505	0.01834862385321101	0.009174311926605505	0.0	0.0	0.009174311926605505	0.0	0.009174311926605505	0.0	0.0	0.0	0.0	0.009174311926605505	0.0	0.01834862385321101	0.0	0.009174311926605505	0.0	0.0	0.009174311926605505	0.0	0.0	0.009174311926605505	0.009174311926605505	0.0	0.009174311926605505	0.009174311926605505	0.01834862385321101	0.0	0.009174311926605505	0.0	0.009174311926605505	0.05504587155963303	0.0	0.01834862385321101	0.0	0.0	0.01834862385321101	0.009174311926605505	0.0	0.009174311926605505	0.01834862385321101	0.0	0.009174311926605505	0.009174311926605505	0.0	0.0	0.009174311926605505	0.0	0.0	0.009174311926605505	0.0	0.0	0.0	0.0	0.0	0.009174311926605505	0.01834862385321101	0.0	0.0	0.0	0.009174311926605505	0.03669724770642202	0.01834862385321101	0.01834862385321101	0.01834862385321101	0.03669724770642202	0.0	0.0	0.009174311926605505	0.0	0.009174311926605505	0.01834862385321101	0.0	0.01834862385321101	0.0	0.01834862385321101	0.009174311926605505	0.009174311926605505	0.0	0.0	0.0	0.027522935779816515	0.009174311926605505	0.01834862385321101	0.0	0.0
SMARCA4	0.03636363636363636	0.00909090909090909	0.01818181818181818	0.00909090909090909	0.01818181818181818	0.00909090909090909	0.0	0.0	0.00909090909090909	0.00909090909090909	0.0	0.00909090909090909	0.01818181818181818	0.00909090909090909	0.02727272727272727	0.01818181818181818	0.00909090909090909	0.01818181818181818	0.0	0.0	0.01818181818181818	0.0	0.00909090909090909	0.02727272727272727	0.03636363636363636	0.0	0.0	0.0	0.0	0.00909090909090909	0.0	0.0	0.0	0.00909090909090909	0.0	0.0	0.0	0.00909090909090909	0.00909090909090909	0.00909090909090909	0.00909090909090909	0.0	0.0	0.00909090909090909	0.0	0.00909090909090909	0.0	0.0	0.0	0.00909090909090909	0.00909090909090909	0.0	0.02727272727272727	0.00909090909090909	0.0	0.0	0.0	0.01818181818181818	0.0	0.0	0.02727272727272727	0.00909090909090909	0.0	0.00909090909090909	0.00909090909090909	0.01818181818181818	0.0	0.00909090909090909	0.0	0.00909090909090909	0.02727272727272727	0.0	0.01818181818181818	0.0	0.0	0.02727272727272727	0.00909090909090909	0.0	0.00909090909090909	0.01818181818181818	0.0	0.00909090909090909	0.00909090909090909	0.0	0.0	0.00909090909090909	0.0	0.0	0.00909090909090909	0.0	0.0	0.0	0.0	0.0	0.00909090909090909	0.00909090909090909	0.0	0.0	0.0	0.00909090909090909	0.01818181818181818	0.00909090909090909	0.01818181818181818	0.01818181818181818	0.045454545454545456	0.0	0.0	0.0	0.0	0.00909090909090909	0.00909090909090909	0.0	0.02727272727272727	0.0	0.0	0.01818181818181818	0.00909090909090909	0.0	0.0	0.0	0.045454545454545456	0.00909090909090909	0.00909090909090909	0.0	0.02727272727272727
SP140	0.00980392156862745	0.0196078431372549	0.0196078431372549	0.0	0.0	0.029411764705882353	0.0	0.00980392156862745	0.0	0.029411764705882353	0.029411764705882353	0.0	0.00980392156862745	0.0196078431372549	0.00980392156862745	0.0196078431372549	0.00980392156862745	0.00980392156862745	0.0	0.0	0.00980392156862745	0.0196078431372549	0.0	0.0196078431372549	0.00980392156862745	0.00980392156862745	0.0	0.0196078431372549	0.00980392156862745	0.0196078431372549	0.0196078431372549	0.0196078431372549	0.0	0.0	0.0	0.00980392156862745	0.00980392156862745	0.0	0.0196078431372549	0.0	0.0	0.0	0.00980392156862745	0.0	0.0	0.0	0.0	0.0	0.0	0.029411764705882353	0.00980392156862745	0.0196078431372549	0.00980392156862745	0.00980392156862745	0.029411764705882353	0.0	0.0	0.00980392156862745	0.0	0.0	0.0196078431372549	0.0	0.00980392156862745	0.0	0.0	0.0196078431372549	0.00980392156862745	0.0	0.0	0.00980392156862745	0.0	0.00980392156862745	0.0	0.00980392156862745	0.0	0.0	0.0196078431372549	0.00980392156862745	0.00980392156862745	0.00980392156862745	0.0196078431372549	0.0	0.0	0.00980392156862745	0.0	0.0196078431372549	0.0	0.0	0.0	0.00980392156862745	0.0	0.0	0.0	0.0	0.00980392156862745	0.0196078431372549	0.0	0.0	0.0	0.00980392156862745	0.0196078431372549	0.00980392156862745	0.00980392156862745	0.00980392156862745	0.0	0.0	0.0196078431372549	0.0196078431372549	0.0	0.0	0.0	0.0	0.00980392156862745	0.0	0.0	0.00980392156862745	0.00980392156862745	0.00980392156862745	0.00980392156862745	0.00980392156862745	0.0196078431372549	0.00980392156862745	0.00980392156862745	0.0196078431372549	0.00980392156862745
TAF1-1	0.009345794392523364	0.0	0.018691588785046728	0.018691588785046728	0.028037383177570093	0.0	0.0	0.0	0.0	0.009345794392523364	0.009345794392523364	0.0	0.009345794392523364	0.037383177570093455	0.009345794392523364	0.028037383177570093	0.0	0.0	0.0	0.009345794392523364	0.018691588785046728	0.009345794392523364	0.018691588785046728	0.018691588785046728	0.04672897196261682	0.0	0.0	0.0	0.0	0.0	0.0	0.0	0.009345794392523364	0.0	0.0	0.009345794392523364	0.0	0.0	0.009345794392523364	0.009345794392523364	0.0	0.0	0.0	0.0	0.0	0.009345794392523364	0.009345794392523364	0.0	0.0	0.009345794392523364	0.018691588785046728	0.009345794392523364	0.009345794392523364	0.009345794392523364	0.0	0.0	0.0	0.0	0.0	0.0	0.009345794392523364	0.0	0.009345794392523364	0.0	0.009345794392523364	0.009345794392523364	0.009345794392523364	0.018691588785046728	0.018691588785046728	0.009345794392523364	0.018691588785046728	0.0	0.0	0.009345794392523364	0.018691588785046728	0.009345794392523364	0.0	0.009345794392523364	0.0	0.028037383177570093	0.0	0.009345794392523364	0.009345794392523364	0.0	0.0	0.018691588785046728	0.0	0.0	0.009345794392523364	0.0	0.0	0.009345794392523364	0.009345794392523364	0.0	0.0	0.028037383177570093	0.0	0.0	0.0	0.0	0.037383177570093455	0.0	0.028037383177570093	0.009345794392523364	0.056074766355140186	0.0	0.0	0.009345794392523364	0.0	0.018691588785046728	0.0	0.0	0.009345794392523364	0.009345794392523364	0.009345794392523364	0.009345794392523364	0.0	0.0	0.009345794392523364	0.009345794392523364	0.056074766355140186	0.009345794392523364	0.009345794392523364	0.0	0.018691588785046728
TAF1-2	0.046296296296296294	0.009259259259259259	0.0	0.009259259259259259	0.046296296296296294	0.0	0.0	0.0	0.0	0.009259259259259259	0.0	0.009259259259259259	0.009259259259259259	0.0	0.0	0.009259259259259259	0.0	0.0	0.009259259259259259	0.018518518518518517	0.018518518518518517	0.009259259259259259	0.018518518518518517	0.046296296296296294	0.027777777777777776	0.009259259259259259	0.0	0.0	0.009259259259259259	0.009259259259259259	0.0	0.0	0.009259259259259259	0.0	0.0	0.009259259259259259	0.0	0.009259259259259259	0.0	0.0	0.0	0.0	0.0	0.009259259259259259	0.0	0.009259259259259259	0.018518518518518517	0.009259259259259259	0.0	0.018518518518518517	0.018518518518518517	0.0	0.0	0.0	0.0	0.009259259259259259	0.0	0.0	0.0	0.018518518518518517	0.0	0.018518518518518517	0.009259259259259259	0.0	0.018518518518518517	0.0	0.0	0.0	0.0	0.009259259259259259	0.027777777777777776	0.0	0.0	0.0	0.0	0.009259259259259259	0.0	0.0	0.009259259259259259	0.009259259259259259	0.0	0.009259259259259259	0.0	0.009259259259259259	0.0	0.0	0.0	0.0	0.0	0.0	0.009259259259259259	0.0	0.0	0.018518518518518517	0.009259259259259259	0.027777777777777776	0.018518518518518517	0.0	0.0	0.009259259259259259	0.027777777777777776	0.0	0.018518518518518517	0.009259259259259259	0.05555555555555555	0.018518518518518517	0.0	0.009259259259259259	0.0	0.027777777777777776	0.009259259259259259	0.0	0.018518518518518517	0.009259259259259259	0.009259259259259259	0.009259259259259259	0.018518518518518517	0.0	0.0	0.018518518518518517	0.027777777777777776	0.009259259259259259	0.018518518518518517	0.0	0.0
TAF1L-1	0.009345794392523364	0.0	0.018691588785046728	0.018691588785046728	0.028037383177570093	0.0	0.0	0.0	0.0	0.009345794392523364	0.009345794392523364	0.0	0.009345794392523364	0.037383177570093455	0.009345794392523364	0.028037383177570093	0.0	0.0	0.0	0.009345794392523364	0.018691588785046728	0.009345794392523364	0.018691588785046728	0.018691588785046728	0.04672897196261682	0.0	0.0	0.0	0.0	0.0	0.0	0.0	0.009345794392523364	0.0	0.0	0.009345794392523364	0.0	0.0	0.009345794392523364	0.009345794392523364	0.0	0.0	0.0	0.0	0.0	0.009345794392523364	0.0	0.0	0.0	0.009345794392523364	0.018691588785046728	0.0	0.009345794392523364	0.009345794392523364	0.0	0.0	0.0	0.0	0.0	0.0	0.0	0.0	0.0	0.0	0.018691588785046728	0.009345794392523364	0.009345794392523364	0.018691588785046728	0.018691588785046728	0.009345794392523364	0.028037383177570093	0.009345794392523364	0.0	0.009345794392523364	0.018691588785046728	0.009345794392523364	0.0	0.009345794392523364	0.0	0.028037383177570093	0.0	0.009345794392523364	0.009345794392523364	0.0	0.0	0.018691588785046728	0.0	0.0	0.009345794392523364	0.0	0.0	0.009345794392523364	0.009345794392523364	0.0	0.0	0.028037383177570093	0.0	0.0	0.0	0.0	0.037383177570093455	0.009345794392523364	0.028037383177570093	0.009345794392523364	0.056074766355140186	0.0	0.0	0.009345794392523364	0.0	0.009345794392523364	0.0	0.0	0.009345794392523364	0.009345794392523364	0.018691588785046728	0.009345794392523364	0.0	0.0	0.009345794392523364	0.009345794392523364	0.056074766355140186	0.0	0.018691588785046728	0.0	0.018691588785046728
TAF1L-2	0.046296296296296294	0.009259259259259259	0.0	0.009259259259259259	0.046296296296296294	0.0	0.0	0.0	0.0	0.009259259259259259	0.0	0.009259259259259259	0.009259259259259259	0.0	0.0	0.009259259259259259	0.0	0.0	0.009259259259259259	0.018518518518518517	0.018518518518518517	0.009259259259259259	0.018518518518518517	0.046296296296296294	0.027777777777777776	0.009259259259259259	0.0	0.0	0.009259259259259259	0.009259259259259259	0.0	0.0	0.009259259259259259	0.0	0.0	0.009259259259259259	0.0	0.009259259259259259	0.0	0.0	0.0	0.0	0.0	0.009259259259259259	0.0	0.009259259259259259	0.018518518518518517	0.009259259259259259	0.0	0.018518518518518517	0.018518518518518517	0.0	0.0	0.0	0.0	0.009259259259259259	0.0	0.0	0.0	0.018518518518518517	0.0	0.018518518518518517	0.009259259259259259	0.0	0.018518518518518517	0.0	0.0	0.0	0.0	0.009259259259259259	0.027777777777777776	0.0	0.0	0.0	0.0	0.009259259259259259	0.0	0.0	0.009259259259259259	0.009259259259259259	0.0	0.009259259259259259	0.0	0.009259259259259259	0.0	0.0	0.0	0.0	0.0	0.0	0.009259259259259259	0.0	0.0	0.018518518518518517	0.009259259259259259	0.027777777777777776	0.018518518518518517	0.0	0.0	0.009259259259259259	0.027777777777777776	0.0	0.018518518518518517	0.009259259259259259	0.05555555555555555	0.018518518518518517	0.0	0.009259259259259259	0.0	0.027777777777777776	0.009259259259259259	0.0	0.018518518518518517	0.009259259259259259	0.009259259259259259	0.009259259259259259	0.018518518518518517	0.0	0.0	0.018518518518518517	0.027777777777777776	0.009259259259259259	0.018518518518518517	0.0	0.0
TRIM24	0.019230769230769232	0.028846153846153848	0.028846153846153848	0.009615384615384616	0.009615384615384616	0.009615384615384616	0.0	0.0	0.0	0.04807692307692308	0.009615384615384616	0.0	0.009615384615384616	0.0	0.019230769230769232	0.009615384615384616	0.019230769230769232	0.009615384615384616	0.0	0.009615384615384616	0.038461538461538464	0.0	0.0	0.019230769230769232	0.009615384615384616	0.009615384615384616	0.009615384615384616	0.0	0.0	0.0	0.0	0.0	0.009615384615384616	0.009615384615384616	0.0	0.019230769230769232	0.0	0.0	0.0	0.0	0.0	0.0	0.0	0.009615384615384616	0.0	0.009615384615384616	0.0	0.019230769230769232	0.019230769230769232	0.009615384615384616	0.028846153846153848	0.0	0.0	0.009615384615384616	0.009615384615384616	0.0	0.0	0.0	0.0	0.0	0.009615384615384616	0.0	0.019230769230769232	0.0	0.009615384615384616	0.009615384615384616	0.0	0.0	0.0	0.0	0.009615384615384616	0.0	0.0	0.019230769230769232	0.009615384615384616	0.019230769230769232	0.0	0.0	0.0	0.019230769230769232	0.009615384615384616	0.009615384615384616	0.009615384615384616	0.0	0.019230769230769232	0.009615384615384616	0.0	0.009615384615384616	0.0	0.0	0.009615384615384616	0.019230769230769232	0.0	0.0	0.0	0.009615384615384616	0.009615384615384616	0.0	0.019230769230769232	0.0	0.019230769230769232	0.019230769230769232	0.009615384615384616	0.028846153846153848	0.028846153846153848	0.0	0.009615384615384616	0.0	0.0	0.0	0.0	0.0	0.0	0.009615384615384616	0.009615384615384616	0.009615384615384616	0.009615384615384616	0.009615384615384616	0.019230769230769232	0.028846153846153848	0.038461538461538464	0.0	0.0	0.0	0.009615384615384616
TRIM28	0.04854368932038835	0.009708737864077669	0.019417475728155338	0.0	0.02912621359223301	0.009708737864077669	0.0	0.009708737864077669	0.0	0.009708737864077669	0.02912621359223301	0.0	0.0	0.0	0.009708737864077669	0.019417475728155338	0.0	0.0	0.0	0.009708737864077669	0.019417475728155338	0.0	0.009708737864077669	0.04854368932038835	0.02912621359223301	0.0	0.0	0.0	0.0	0.009708737864077669	0.0	0.0	0.0	0.009708737864077669	0.0	0.0	0.0	0.0	0.0	0.009708737864077669	0.0	0.0	0.0	0.0	0.009708737864077669	0.009708737864077669	0.0	0.019417475728155338	0.0	0.009708737864077669	0.009708737864077669	0.009708737864077669	0.009708737864077669	0.009708737864077669	0.038834951456310676	0.0	0.009708737864077669	0.0	0.0	0.0	0.0	0.0	0.0	0.0	0.009708737864077669	0.0	0.0	0.0	0.0	0.009708737864077669	0.019417475728155338	0.009708737864077669	0.0	0.009708737864077669	0.0	0.009708737864077669	0.009708737864077669	0.0	0.0	0.019417475728155338	0.009708737864077669	0.0	0.0	0.0	0.0	0.02912621359223301	0.0	0.0	0.0	0.0	0.0	0.0	0.009708737864077669	0.0	0.0	0.0	0.0	0.009708737864077669	0.0	0.02912621359223301	0.038834951456310676	0.0	0.009708737864077669	0.019417475728155338	0.009708737864077669	0.0	0.0	0.0	0.0	0.02912621359223301	0.019417475728155338	0.009708737864077669	0.009708737864077669	0.009708737864077669	0.009708737864077669	0.019417475728155338	0.009708737864077669	0.019417475728155338	0.009708737864077669	0.009708737864077669	0.02912621359223301	0.019417475728155338	0.019417475728155338	0.009708737864077669	0.02912621359223301
TRIM33A	0.02459016393442623	0.02459016393442623	0.02459016393442623	0.00819672131147541	0.01639344262295082	0.01639344262295082	0.00819672131147541	0.00819672131147541	0.0	0.01639344262295082	0.03278688524590164	0.0	0.01639344262295082	0.0	0.0	0.01639344262295082	0.00819672131147541	0.0	0.0	0.02459016393442623	0.04918032786885246	0.0	0.00819672131147541	0.01639344262295082	0.01639344262295082	0.00819672131147541	0.00819672131147541	0.0	0.00819672131147541	0.0	0.0	0.0	0.00819672131147541	0.00819672131147541	0.0	0.00819672131147541	0.0	0.0	0.0	0.00819672131147541	0.0	0.0	0.0	0.00819672131147541	0.0	0.00819672131147541	0.0	0.00819672131147541	0.01639344262295082	0.0	0.040983606557377046	0.0	0.0	0.00819672131147541	0.01639344262295082	0.0	0.0	0.0	0.0	0.01639344262295082	0.00819672131147541	0.0	0.01639344262295082	0.0	0.02459016393442623	0.00819672131147541	0.0	0.0	0.0	0.0	0.00819672131147541	0.0	0.0	0.00819672131147541	0.01639344262295082	0.01639344262295082	0.00819672131147541	0.00819672131147541	0.0	0.02459016393442623	0.00819672131147541	0.0	0.0	0.0	0.00819672131147541	0.01639344262295082	0.00819672131147541	0.0	0.0	0.0	0.0	0.00819672131147541	0.00819672131147541	0.0	0.0	0.00819672131147541	0.0	0.00819672131147541	0.00819672131147541	0.00819672131147541	0.00819672131147541	0.00819672131147541	0.01639344262295082	0.02459016393442623	0.03278688524590164	0.0	0.00819672131147541	0.0	0.0	0.0	0.0	0.00819672131147541	0.01639344262295082	0.00819672131147541	0.0	0.03278688524590164	0.0	0.01639344262295082	0.00819672131147541	0.00819672131147541	0.01639344262295082	0.00819672131147541	0.00819672131147541	0.01639344262295082	0.0
TRIM33B	0.02857142857142857	0.02857142857142857	0.01904761904761905	0.009523809523809525	0.009523809523809525	0.009523809523809525	0.009523809523809525	0.009523809523809525	0.0	0.01904761904761905	0.01904761904761905	0.0	0.01904761904761905	0.0	0.0	0.01904761904761905	0.009523809523809525	0.0	0.0	0.01904761904761905	0.0380952380952381	0.0	0.009523809523809525	0.01904761904761905	0.01904761904761905	0.009523809523809525	0.009523809523809525	0.0	0.0	0.0	0.0	0.0	0.009523809523809525	0.009523809523809525	0.0	0.009523809523809525	0.0	0.0	0.0	0.009523809523809525	0.0	0.0	0.0	0.009523809523809525	0.0	0.009523809523809525	0.0	0.009523809523809525	0.01904761904761905	0.0	0.0380952380952381	0.0	0.0	0.0	0.01904761904761905	0.0	0.0	0.0	0.0	0.01904761904761905	0.009523809523809525	0.0	0.01904761904761905	0.0	0.02857142857142857	0.009523809523809525	0.0	0.0	0.0	0.0	0.009523809523809525	0.0	0.0	0.009523809523809525	0.01904761904761905	0.009523809523809525	0.009523809523809525	0.009523809523809525	0.009523809523809525	0.01904761904761905	0.009523809523809525	0.0	0.0	0.0	0.009523809523809525	0.01904761904761905	0.009523809523809525	0.0	0.0	0.0	0.0	0.009523809523809525	0.009523809523809525	0.0	0.0	0.009523809523809525	0.0	0.009523809523809525	0.009523809523809525	0.0	0.009523809523809525	0.0	0.009523809523809525	0.02857142857142857	0.0380952380952381	0.0	0.009523809523809525	0.0	0.0	0.0	0.0	0.009523809523809525	0.01904761904761905	0.009523809523809525	0.0	0.02857142857142857	0.0	0.01904761904761905	0.009523809523809525	0.009523809523809525	0.01904761904761905	0.009523809523809525	0.009523809523809525	0.009523809523809525	0.0
TRIM66	0.009523809523809525	0.009523809523809525	0.0380952380952381	0.009523809523809525	0.01904761904761905	0.009523809523809525	0.01904761904761905	0.0	0.009523809523809525	0.009523809523809525	0.009523809523809525	0.01904761904761905	0.02857142857142857	0.009523809523809525	0.009523809523809525	0.02857142857142857	0.0	0.0	0.0	0.0	0.02857142857142857	0.009523809523809525	0.009523809523809525	0.009523809523809525	0.01904761904761905	0.0	0.0	0.009523809523809525	0.0	0.0	0.0	0.0	0.0	0.009523809523809525	0.01904761904761905	0.0	0.0	0.0	0.009523809523809525	0.0	0.009523809523809525	0.0	0.0	0.0	0.009523809523809525	0.009523809523809525	0.009523809523809525	0.0	0.009523809523809525	0.01904761904761905	0.01904761904761905	0.0	0.0	0.0	0.009523809523809525	0.0	0.009523809523809525	0.0	0.0	0.01904761904761905	0.009523809523809525	0.009523809523809525	0.009523809523809525	0.009523809523809525	0.01904761904761905	0.009523809523809525	0.0	0.0	0.0	0.01904761904761905	0.01904761904761905	0.0	0.0	0.009523809523809525	0.0	0.02857142857142857	0.02857142857142857	0.009523809523809525	0.0	0.009523809523809525	0.0	0.0	0.0	0.0	0.0	0.009523809523809525	0.0	0.0	0.0	0.0	0.009523809523809525	0.0	0.0	0.0	0.0	0.01904761904761905	0.0	0.009523809523809525	0.009523809523809525	0.0	0.02857142857142857	0.009523809523809525	0.01904761904761905	0.01904761904761905	0.0380952380952381	0.0	0.0	0.009523809523809525	0.0	0.009523809523809525	0.0	0.0	0.01904761904761905	0.0	0.0	0.01904761904761905	0.0	0.009523809523809525	0.009523809523809525	0.009523809523809525	0.02857142857142857	0.0	0.0	0.009523809523809525	0.02857142857142857
WDR9-1	0.04504504504504504	0.02702702702702703	0.018018018018018018	0.009009009009009009	0.036036036036036036	0.009009009009009009	0.0	0.0	0.009009009009009009	0.018018018018018018	0.018018018018018018	0.018018018018018018	0.009009009009009009	0.0	0.02702702702702703	0.018018018018018018	0.009009009009009009	0.009009009009009009	0.0	0.009009009009009009	0.036036036036036036	0.0	0.018018018018018018	0.009009009009009009	0.009009009009009009	0.009009009009009009	0.0	0.009009009009009009	0.009009009009009009	0.009009009009009009	0.0	0.0	0.009009009009009009	0.0	0.0	0.0	0.0	0.009009009009009009	0.0	0.0	0.009009009009009009	0.0	0.0	0.0	0.0	0.009009009009009009	0.0	0.009009009009009009	0.009009009009009009	0.018018018018018018	0.018018018018018018	0.0	0.009009009009009009	0.0	0.018018018018018018	0.018018018018018018	0.009009009009009009	0.0	0.0	0.009009009009009009	0.018018018018018018	0.0	0.0	0.0	0.0	0.0	0.0	0.0	0.009009009009009009	0.0	0.018018018018018018	0.009009009009009009	0.009009009009009009	0.0	0.018018018018018018	0.009009009009009009	0.009009009009009009	0.009009009009009009	0.0	0.009009009009009009	0.009009009009009009	0.0	0.0	0.0	0.0	0.009009009009009009	0.0	0.0	0.0	0.009009009009009009	0.0	0.0	0.0	0.009009009009009009	0.009009009009009009	0.02702702702702703	0.0	0.0	0.018018018018018018	0.0	0.05405405405405406	0.0	0.02702702702702703	0.018018018018018018	0.0	0.0	0.0	0.0	0.0	0.018018018018018018	0.0	0.018018018018018018	0.0	0.009009009009009009	0.018018018018018018	0.009009009009009009	0.0	0.009009009009009009	0.0	0.02702702702702703	0.009009009009009009	0.009009009009009009	0.009009009009009009	0.009009009009009009	0.0
WDR9-2	0.0	0.028846153846153848	0.0	0.019230769230769232	0.019230769230769232	0.0	0.0	0.0	0.009615384615384616	0.038461538461538464	0.028846153846153848	0.0	0.009615384615384616	0.009615384615384616	0.0	0.019230769230769232	0.028846153846153848	0.0	0.0	0.009615384615384616	0.038461538461538464	0.009615384615384616	0.0	0.0	0.009615384615384616	0.0	0.0	0.0	0.0	0.009615384615384616	0.0	0.0	0.0	0.0	0.0	0.0	0.0	0.009615384615384616	0.009615384615384616	0.009615384615384616	0.0	0.0	0.0	0.009615384615384616	0.009615384615384616	0.009615384615384616	0.0	0.009615384615384616	0.009615384615384616	0.028846153846153848	0.009615384615384616	0.019230769230769232	0.009615384615384616	0.0	0.019230769230769232	0.0	0.0	0.0	0.0	0.0	0.009615384615384616	0.0	0.0	0.0	0.019230769230769232	0.028846153846153848	0.0	0.0	0.0	0.009615384615384616	0.0	0.0	0.009615384615384616	0.0	0.019230769230769232	0.038461538461538464	0.0	0.009615384615384616	0.0	0.0	0.009615384615384616	0.0	0.009615384615384616	0.0	0.019230769230769232	0.009615384615384616	0.0	0.0	0.0	0.0	0.0	0.0	0.009615384615384616	0.0	0.009615384615384616	0.009615384615384616	0.009615384615384616	0.0	0.009615384615384616	0.028846153846153848	0.019230769230769232	0.0	0.028846153846153848	0.038461538461538464	0.009615384615384616	0.0	0.0	0.019230769230769232	0.009615384615384616	0.0	0.009615384615384616	0.0	0.009615384615384616	0.019230769230769232	0.0	0.0	0.009615384615384616	0.0	0.009615384615384616	0.009615384615384616	0.038461538461538464	0.009615384615384616	0.019230769230769232	0.009615384615384616	0.009615384615384616
ZMYND11	0.009523809523809525	0.01904761904761905	0.02857142857142857	0.02857142857142857	0.01904761904761905	0.0	0.009523809523809525	0.01904761904761905	0.0	0.0	0.009523809523809525	0.01904761904761905	0.0	0.01904761904761905	0.01904761904761905	0.0380952380952381	0.0	0.0	0.009523809523809525	0.009523809523809525	0.01904761904761905	0.009523809523809525	0.01904761904761905	0.01904761904761905	0.009523809523809525	0.01904761904761905	0.0	0.009523809523809525	0.0	0.0	0.009523809523809525	0.0	0.0	0.0	0.0	0.009523809523809525	0.0	0.009523809523809525	0.009523809523809525	0.009523809523809525	0.0	0.0	0.0	0.009523809523809525	0.0	0.0	0.0	0.0	0.0	0.0	0.02857142857142857	0.0	0.01904761904761905	0.009523809523809525	0.009523809523809525	0.009523809523809525	0.0	0.009523809523809525	0.0	0.0	0.01904761904761905	0.0	0.0	0.0	0.009523809523809525	0.009523809523809525	0.0	0.009523809523809525	0.0	0.01904761904761905	0.01904761904761905	0.009523809523809525	0.0	0.009523809523809525	0.01904761904761905	0.01904761904761905	0.0	0.009523809523809525	0.009523809523809525	0.0380952380952381	0.0	0.0	0.009523809523809525	0.0	0.0	0.01904761904761905	0.0	0.0	0.0	0.0	0.009523809523809525	0.009523809523809525	0.0	0.0	0.0	0.009523809523809525	0.0	0.009523809523809525	0.009523809523809525	0.009523809523809525	0.02857142857142857	0.009523809523809525	0.0	0.009523809523809525	0.009523809523809525	0.009523809523809525	0.0	0.0	0.009523809523809525	0.0	0.009523809523809525	0.0	0.01904761904761905	0.009523809523809525	0.009523809523809525	0.01904761904761905	0.0	0.009523809523809525	0.0	0.009523809523809525	0.01904761904761905	0.0	0.01904761904761905	0.0	0.009523809523809525
