#	Pos1.ZSCALE1	Pos1.ZSCALE2	Pos1.ZSCALE3	Pos1.ZSCALE4	Pos1.ZSCALE5	Pos2.ZSCALE1	Pos2.ZSCALE2	Pos2.ZSCALE3	Pos2.ZSCALE4	Pos2.ZSCALE5	Pos3.ZSCALE1	Pos3.ZSCALE2	Pos3.ZSCALE3	Pos3.ZSCALE4	Pos3.ZSCALE5	Pos4.ZSCALE1	Pos4.ZSCALE2	Pos4.ZSCALE3	Pos4.ZSCALE4	Pos4.ZSCALE5	Pos5.ZSCALE1	Pos5.ZSCALE2	Pos5.ZSCALE3	Pos5.ZSCALE4	Pos5.ZSCALE5	Pos6.ZSCALE1	Pos6.ZSCALE2	Pos6.ZSCALE3	Pos6.ZSCALE4	Pos6.ZSCALE5	Pos7.ZSCALE1	Pos7.ZSCALE2	Pos7.ZSCALE3	Pos7.ZSCALE4	Pos7.ZSCALE5	Pos8.ZSCALE1	Pos8.ZSCALE2	Pos8.ZSCALE3	Pos8.ZSCALE4	Pos8.ZSCALE5	Pos9.ZSCALE1	Pos9.ZSCALE2	Pos9.ZSCALE3	Pos9.ZSCALE4	Pos9.ZSCALE5	Pos10.ZSCALE1	Pos10.ZSCALE2	Pos10.ZSCALE3	Pos10.ZSCALE4	Pos10.ZSCALE5	Pos11.ZSCALE1	Pos11.ZSCALE2	Pos11.ZSCALE3	Pos11.ZSCALE4	Pos11.ZSCALE5	Pos12.ZSCALE1	Pos12.ZSCALE2	Pos12.ZSCALE3	Pos12.ZSCALE4	Pos12.ZSCALE5	Pos13.ZSCALE1	Pos13.ZSCALE2	Pos13.ZSCALE3	Pos13.ZSCALE4	Pos13.ZSCALE5	Pos14.ZSCALE1	Pos14.ZSCALE2	Pos14.ZSCALE3	Pos14.ZSCALE4	Pos14.ZSCALE5	Pos15.ZSCALE1	Pos15.ZSCALE2	Pos15.ZSCALE3	Pos15.ZSCALE4	Pos15.ZSCALE5	Pos16.ZSCALE1	Pos16.ZSCALE2	Pos16.ZSCALE3	Pos16.ZSCALE4	Pos16.ZSCALE5	Pos17.ZSCALE1	Pos17.ZSCALE2	Pos17.ZSCALE3	Pos17.ZSCALE4	Pos17.ZSCALE5	Pos18.ZSCALE1	Pos18.ZSCALE2	Pos18.ZSCALE3	Pos18.ZSCALE4	Pos18.ZSCALE5	Pos19.ZSCALE1	Pos19.ZSCALE2	Pos19.ZSCALE3	Pos19.ZSCALE4	Pos19.ZSCALE5	Pos20.ZSCALE1	Pos20.ZSCALE2	Pos20.ZSCALE3	Pos20.ZSCALE4	Pos20.ZSCALE5	Pos21.ZSCALE1	Pos21.ZSCALE2	Pos21.ZSCALE3	Pos21.ZSCALE4	Pos21.ZSCALE5	Pos22.ZSCALE1	Pos22.ZSCALE2	Pos22.ZSCALE3	Pos22.ZSCALE4	Pos22.ZSCALE5	Pos23.ZSCALE1	Pos23.ZSCALE2	Pos23.ZSCALE3	Pos23.ZSCALE4	Pos23.ZSCALE5
ASH1L	0.24	-2.32	0.6	-0.14	1.3	0.24	-2.32	0.6	-0.14	1.3	-1.66	0.27	1.84	0.7	2.0	-4.28	-1.3	-1.49	-0.72	0.84	-4.28	-1.3	-1.49	-0.72	0.84	3.05	1.62	1.04	-1.15	1.61	-4.28	-1.3	-1.49	-0.72	0.84	-1.66	0.27	1.84	0.7	2.0	-1.66	0.27	1.84	0.7	2.0	0.0	0.0	0.0	0.0	0.0	2.29	0.89	-2.49	1.49	0.31	3.05	1.62	1.04	-1.15	1.61	-2.54	2.44	0.43	0.04	-1.47	-4.28	-1.3	-1.49	-0.72	0.84	3.98	0.93	1.93	-2.46	0.75	-2.59	-2.64	-1.54	-0.85	-0.02	3.05	1.62	1.04	-1.15	1.61	0.24	-2.32	0.6	-0.14	1.3	-2.54	2.44	0.43	0.04	-1.47	-2.54	2.44	0.43	0.04	-1.47	-1.66	0.27	1.84	0.7	2.0	-2.59	-2.64	-1.54	-0.85	-0.02	3.98	0.93	1.93	-2.46	0.75
ATAD2	2.29	0.89	-2.49	1.49	0.31	3.52	2.5	-3.5	1.99	-0.17	-2.59	-2.64	-1.54	-0.85	-0.02	-4.22	1.94	1.06	0.54	-0.62	0.75	-2.18	-1.12	-1.46	-0.4	2.29	0.89	-2.49	1.49	0.31	-1.66	0.27	1.84	0.7	2.0	-2.59	-2.64	-1.54	-0.85	-0.02	3.98	0.93	1.93	-2.46	0.75	0.0	0.0	0.0	0.0	0.0	3.11	0.26	-0.11	-0.34	-0.25	-2.59	-2.64	-1.54	-0.85	-0.02	-2.54	2.44	0.43	0.04	-1.47	-2.85	-0.22	0.47	1.94	-0.98	3.98	0.93	1.93	-2.46	0.75	-3.89	-1.73	-1.71	-0.84	0.26	3.05	1.62	1.04	-1.15	1.61	0.24	-2.32	0.6	-0.14	1.3	-2.54	2.44	0.43	0.04	-1.47	3.05	1.62	1.04	-1.15	1.61	-4.28	-1.3	-1.49	-0.72	0.84	-3.89	-1.73	-1.71	-0.84	0.26	3.52	2.5	-3.5	1.99	-0.17
ATAD2B	2.29	0.89	-2.49	1.49	0.31	3.05	1.62	1.04	-1.15	1.61	-3.89	-1.73	-1.71	-0.84	0.26	-4.22	1.94	1.06	0.54	-0.62	2.39	-1.07	1.15	-1.39	0.67	2.29	0.89	-2.49	1.49	0.31	-1.66	0.27	1.84	0.7	2.0	-2.59	-2.64	-1.54	-0.85	-0.02	3.98	0.93	1.93	-2.46	0.75	0.0	0.0	0.0	0.0	0.0	3.11	0.26	-0.11	-0.34	-0.25	-2.59	-2.64	-1.54	-0.85	-0.02	-2.54	2.44	0.43	0.04	-1.47	-2.85	-0.22	0.47	1.94	-0.98	3.98	0.93	1.93	-2.46	0.75	-3.89	-1.73	-1.71	-0.84	0.26	3.05	1.62	1.04	-1.15	1.61	0.24	-2.32	0.6	-0.14	1.3	-2.54	2.44	0.43	0.04	-1.47	3.05	1.62	1.04	-1.15	1.61	-3.89	-1.73	-1.71	-0.84	0.26	-3.89	-1.73	-1.71	-0.84	0.26	3.52	2.5	-3.5	1.99	-0.17
BAZ1A	3.98	0.93	1.93	-2.46	0.75	-4.36	3.94	0.59	3.44	-1.59	-1.66	0.27	1.84	0.7	2.0	-4.22	1.94	1.06	0.54	-0.62	-4.28	-1.3	-1.49	-0.72	0.84	2.29	0.89	-2.49	1.49	0.31	-4.28	-1.3	-1.49	-0.72	0.84	-2.59	-2.64	-1.54	-0.85	-0.02	2.39	-1.07	1.15	-1.39	0.67	0.0	0.0	0.0	0.0	0.0	1.75	0.5	-1.44	-1.34	0.66	-2.59	-2.64	-1.54	-0.85	-0.02	-2.54	2.44	0.43	0.04	-1.47	-3.89	-1.73	-1.71	-0.84	0.26	0.24	-2.32	0.6	-0.14	1.3	-2.85	-0.22	0.47	1.94	-0.98	3.05	1.62	1.04	-1.15	1.61	0.84	-1.67	3.71	0.18	-2.65	-2.54	2.44	0.43	0.04	-1.47	3.05	1.62	1.04	-1.15	1.61	2.39	-1.07	1.15	-1.39	0.67	3.11	0.26	-0.11	-0.34	-0.25	0.24	-2.32	0.6	-0.14	1.3
BAZ1B	3.52	2.5	-3.5	1.99	-0.17	-4.36	3.94	0.59	3.44	-1.59	-1.66	0.27	1.84	0.7	2.0	-4.22	1.94	1.06	0.54	-0.62	3.52	2.5	-3.5	1.99	-0.17	3.11	0.26	-0.11	-0.34	-0.25	-1.66	0.27	1.84	0.7	2.0	-2.59	-2.64	-1.54	-0.85	-0.02	0.75	-2.18	-1.12	-1.46	-0.4	0.0	0.0	0.0	0.0	0.0	3.11	0.26	-0.11	-0.34	-0.25	0.0	0.0	0.0	0.0	0.0	-2.54	2.44	0.43	0.04	-1.47	-2.85	-0.22	0.47	1.94	-0.98	3.98	0.93	1.93	-2.46	0.75	-2.59	-2.64	-1.54	-0.85	-0.02	3.05	1.62	1.04	-1.15	1.61	0.24	-2.32	0.6	-0.14	1.3	-2.54	2.44	0.43	0.04	-1.47	3.05	1.62	1.04	-1.15	1.61	-2.59	-2.64	-1.54	-0.85	-0.02	-4.28	-1.3	-1.49	-0.72	0.84	-2.85	-0.22	0.47	1.94	-0.98
BAZ2A	3.98	0.93	1.93	-2.46	0.75	-4.36	3.94	0.59	3.44	-1.59	-1.66	0.27	1.84	0.7	2.0	-4.22	1.94	1.06	0.54	-0.62	-4.28	-1.3	-1.49	-0.72	0.84	3.11	0.26	-0.11	-0.34	-0.25	-1.66	0.27	1.84	0.7	2.0	-2.59	-2.64	-1.54	-0.85	-0.02	3.05	1.62	1.04	-1.15	1.61	0.0	0.0	0.0	0.0	0.0	-4.28	-1.3	-1.49	-0.72	0.84	-2.59	-2.64	-1.54	-0.85	-0.02	-2.54	2.44	0.43	0.04	-1.47	-2.85	-0.22	0.47	1.94	-0.98	3.98	0.93	1.93	-2.46	0.75	-2.59	-2.64	-1.54	-0.85	-0.02	3.05	1.62	1.04	-1.15	1.61	0.84	-1.67	3.71	0.18	-2.65	-4.22	1.94	1.06	0.54	-0.62	3.05	1.62	1.04	-1.15	1.61	3.11	0.26	-0.11	-0.34	-0.25	-2.59	-2.64	-1.54	-0.85	-0.02	0.24	-2.32	0.6	-0.14	1.3
BAZ2B	3.11	0.26	-0.11	-0.34	-0.25	-4.36	3.94	0.59	3.44	-1.59	-1.66	0.27	1.84	0.7	2.0	-4.22	1.94	1.06	0.54	-0.62	-4.28	-1.3	-1.49	-0.72	0.84	-4.28	-1.3	-1.49	-0.72	0.84	-1.66	0.27	1.84	0.7	2.0	-2.59	-2.64	-1.54	-0.85	-0.02	3.05	1.62	1.04	-1.15	1.61	0.0	0.0	0.0	0.0	0.0	-4.28	-1.3	-1.49	-0.72	0.84	-2.59	-2.64	-1.54	-0.85	-0.02	-2.54	2.44	0.43	0.04	-1.47	-2.85	-0.22	0.47	1.94	-0.98	3.98	0.93	1.93	-2.46	0.75	-2.59	-2.64	-1.54	-0.85	-0.02	3.05	1.62	1.04	-1.15	1.61	0.84	-1.67	3.71	0.18	-2.65	-4.22	1.94	1.06	0.54	-0.62	3.05	1.62	1.04	-1.15	1.61	3.98	0.93	1.93	-2.46	0.75	-3.89	-1.73	-1.71	-0.84	0.26	0.24	-2.32	0.6	-0.14	1.3
BPTF	2.29	0.89	-2.49	1.49	0.31	-4.36	3.94	0.59	3.44	-1.59	-1.66	0.27	1.84	0.7	2.0	-4.22	1.94	1.06	0.54	-0.62	-4.28	-1.3	-1.49	-0.72	0.84	3.11	0.26	-0.11	-0.34	-0.25	-1.66	0.27	1.84	0.7	2.0	-2.59	-2.64	-1.54	-0.85	-0.02	3.98	0.93	1.93	-2.46	0.75	0.0	0.0	0.0	0.0	0.0	3.98	0.93	1.93	-2.46	0.75	0.24	-2.32	0.6	-0.14	1.3	-2.54	2.44	0.43	0.04	-1.47	-2.85	-0.22	0.47	1.94	-0.98	3.98	0.93	1.93	-2.46	0.75	-3.89	-1.73	-1.71	-0.84	0.26	3.05	1.62	1.04	-1.15	1.61	0.84	-1.67	3.71	0.18	-2.65	-2.54	2.44	0.43	0.04	-1.47	3.05	1.62	1.04	-1.15	1.61	-1.66	0.27	1.84	0.7	2.0	-4.22	1.94	1.06	0.54	-0.62	0.84	-1.67	3.71	0.18	-2.65
BRD1	3.98	0.93	1.93	-2.46	0.75	3.52	2.5	-3.5	1.99	-0.17	-3.89	-1.73	-1.71	-0.84	0.26	-4.22	1.94	1.06	0.54	-0.62	0.24	-2.32	0.6	-0.14	1.3	1.75	0.5	-1.44	-1.34	0.66	-1.66	0.27	1.84	0.7	2.0	-2.59	-2.64	-1.54	-0.85	-0.02	2.39	-1.07	1.15	-1.39	0.67	0.0	0.0	0.0	0.0	0.0	3.11	0.26	-0.11	-0.34	-0.25	-2.59	-2.64	-1.54	-0.85	-0.02	-2.54	2.44	0.43	0.04	-1.47	-2.85	-0.22	0.47	1.94	-0.98	3.98	0.93	1.93	-2.46	0.75	-3.89	-1.73	-1.71	-0.84	0.26	3.05	1.62	1.04	-1.15	1.61	0.84	-1.67	3.71	0.18	-2.65	-2.54	2.44	0.43	0.04	-1.47	3.05	1.62	1.04	-1.15	1.61	-2.59	-2.64	-1.54	-0.85	-0.02	-4.22	1.94	1.06	0.54	-0.62	0.24	-2.32	0.6	-0.14	1.3
BRD2-1	1.75	0.5	-1.44	-1.34	0.66	-4.36	3.94	0.59	3.44	-1.59	-1.66	0.27	1.84	0.7	2.0	-4.22	1.94	1.06	0.54	-0.62	3.52	2.5	-3.5	1.99	-0.17	1.75	0.5	-1.44	-1.34	0.66	-1.66	0.27	1.84	0.7	2.0	-2.59	-2.64	-1.54	-0.85	-0.02	3.98	0.93	1.93	-2.46	0.75	-4.28	-1.3	-1.49	-0.72	0.84	2.05	-4.06	0.36	-0.82	-0.38	-4.28	-1.3	-1.49	-0.72	0.84	-2.54	2.44	0.43	0.04	-1.47	-2.85	-0.22	0.47	1.94	-0.98	3.98	0.93	1.93	-2.46	0.75	-2.85	-0.22	0.47	1.94	-0.98	3.05	1.62	1.04	-1.15	1.61	0.84	-1.67	3.71	0.18	-2.65	-2.54	2.44	0.43	0.04	-1.47	3.05	1.62	1.04	-1.15	1.61	3.98	0.93	1.93	-2.46	0.75	-3.89	-1.73	-1.71	-0.84	0.26	-2.85	-0.22	0.47	1.94	-0.98
BRD2-2	0.24	-2.32	0.6	-0.14	1.3	-4.36	3.94	0.59	3.44	-1.59	-1.66	0.27	1.84	0.7	2.0	-4.22	1.94	1.06	0.54	-0.62	-2.54	2.44	0.43	0.04	-1.47	2.29	0.89	-2.49	1.49	0.31	-1.66	0.27	1.84	0.7	2.0	-2.59	-2.64	-1.54	-0.85	-0.02	3.98	0.93	1.93	-2.46	0.75	-4.28	-1.3	-1.49	-0.72	0.84	2.05	-4.06	0.36	-0.82	-0.38	-4.28	-1.3	-1.49	-0.72	0.84	-2.54	2.44	0.43	0.04	-1.47	-2.85	-0.22	0.47	1.94	-0.98	3.98	0.93	1.93	-2.46	0.75	-2.85	-0.22	0.47	1.94	-0.98	3.05	1.62	1.04	-1.15	1.61	0.84	-1.67	3.71	0.18	-2.65	-2.54	2.44	0.43	0.04	-1.47	3.05	1.62	1.04	-1.15	1.61	3.98	0.93	1.93	-2.46	0.75	-2.59	-2.64	-1.54	-0.85	-0.02	-2.85	-0.22	0.47	1.94	-0.98
BRD3-1	1.75	0.5	-1.44	-1.34	0.66	-4.36	3.94	0.59	3.44	-1.59	-1.66	0.27	1.84	0.7	2.0	-4.22	1.94	1.06	0.54	-0.62	-2.54	2.44	0.43	0.04	-1.47	1.75	0.5	-1.44	-1.34	0.66	-1.66	0.27	1.84	0.7	2.0	-2.59	-2.64	-1.54	-0.85	-0.02	3.98	0.93	1.93	-2.46	0.75	-4.28	-1.3	-1.49	-0.72	0.84	3.05	1.62	1.04	-1.15	1.61	-4.28	-1.3	-1.49	-0.72	0.84	-2.54	2.44	0.43	0.04	-1.47	-2.85	-0.22	0.47	1.94	-0.98	3.98	0.93	1.93	-2.46	0.75	-2.85	-0.22	0.47	1.94	-0.98	3.05	1.62	1.04	-1.15	1.61	0.84	-1.67	3.71	0.18	-2.65	-2.54	2.44	0.43	0.04	-1.47	3.05	1.62	1.04	-1.15	1.61	3.98	0.93	1.93	-2.46	0.75	-3.89	-1.73	-1.71	-0.84	0.26	-2.85	-0.22	0.47	1.94	-0.98
BRD3-2	0.24	-2.32	0.6	-0.14	1.3	-4.36	3.94	0.59	3.44	-1.59	-1.66	0.27	1.84	0.7	2.0	-4.22	1.94	1.06	0.54	-0.62	-2.54	2.44	0.43	0.04	-1.47	2.29	0.89	-2.49	1.49	0.31	-1.66	0.27	1.84	0.7	2.0	-2.59	-2.64	-1.54	-0.85	-0.02	3.98	0.93	1.93	-2.46	0.75	-4.28	-1.3	-1.49	-0.72	0.84	3.11	0.26	-0.11	-0.34	-0.25	-4.28	-1.3	-1.49	-0.72	0.84	-2.54	2.44	0.43	0.04	-1.47	-2.85	-0.22	0.47	1.94	-0.98	3.98	0.93	1.93	-2.46	0.75	-2.85	-0.22	0.47	1.94	-0.98	3.05	1.62	1.04	-1.15	1.61	0.84	-1.67	3.71	0.18	-2.65	-2.54	2.44	0.43	0.04	-1.47	3.05	1.62	1.04	-1.15	1.61	3.11	0.26	-0.11	-0.34	-0.25	-2.59	-2.64	-1.54	-0.85	-0.02	-2.85	-0.22	0.47	1.94	-0.98
BRD4-1	1.75	0.5	-1.44	-1.34	0.66	-4.36	3.94	0.59	3.44	-1.59	-1.66	0.27	1.84	0.7	2.0	-4.22	1.94	1.06	0.54	-0.62	1.75	0.5	-1.44	-1.34	0.66	1.75	0.5	-1.44	-1.34	0.66	-1.66	0.27	1.84	0.7	2.0	-2.59	-2.64	-1.54	-0.85	-0.02	3.98	0.93	1.93	-2.46	0.75	-4.28	-1.3	-1.49	-0.72	0.84	3.05	1.62	1.04	-1.15	1.61	-4.28	-1.3	-1.49	-0.72	0.84	-2.54	2.44	0.43	0.04	-1.47	-2.85	-0.22	0.47	1.94	-0.98	3.98	0.93	1.93	-2.46	0.75	-2.85	-0.22	0.47	1.94	-0.98	3.05	1.62	1.04	-1.15	1.61	0.84	-1.67	3.71	0.18	-2.65	-2.54	2.44	0.43	0.04	-1.47	3.05	1.62	1.04	-1.15	1.61	3.98	0.93	1.93	-2.46	0.75	-3.89	-1.73	-1.71	-0.84	0.26	-2.85	-0.22	0.47	1.94	-0.98
BRD4-2	0.24	-2.32	0.6	-0.14	1.3	-4.36	3.94	0.59	3.44	-1.59	-1.66	0.27	1.84	0.7	2.0	-4.22	1.94	1.06	0.54	-0.62	-2.54	2.44	0.43	0.04	-1.47	2.29	0.89	-2.49	1.49	0.31	-1.66	0.27	1.84	0.7	2.0	-2.59	-2.64	-1.54	-0.85	-0.02	3.98	0.93	1.93	-2.46	0.75	-4.28	-1.3	-1.49	-0.72	0.84	2.05	-4.06	0.36	-0.82	-0.38	-4.28	-1.3	-1.49	-0.72	0.84	-2.54	2.44	0.43	0.04	-1.47	-2.85	-0.22	0.47	1.94	-0.98	3.98	0.93	1.93	-2.46	0.75	-2.85	-0.22	0.47	1.94	-0.98	3.05	1.62	1.04	-1.15	1.61	0.84	-1.67	3.71	0.18	-2.65	-2.54	2.44	0.43	0.04	-1.47	3.05	1.62	1.04	-1.15	1.61	3.11	0.26	-0.11	-0.34	-0.25	-2.59	-2.64	-1.54	-0.85	-0.02	-2.85	-0.22	0.47	1.94	-0.98
BRD7	3.98	0.93	1.93	-2.46	0.75	0.24	-2.32	0.6	-0.14	1.3	-4.22	1.94	1.06	0.54	-0.62	-4.22	1.94	1.06	0.54	-0.62	2.39	-1.07	1.15	-1.39	0.67	-4.22	1.94	1.06	0.54	-0.62	-1.66	0.27	1.84	0.7	2.0	-2.59	-2.64	-1.54	-0.85	-0.02	0.75	-2.18	-1.12	-1.46	-0.4	0.0	0.0	0.0	0.0	0.0	-3.89	-1.73	-1.71	-0.84	0.26	0.24	-2.32	0.6	-0.14	1.3	-2.54	2.44	0.43	0.04	-1.47	-2.85	-0.22	0.47	1.94	-0.98	3.98	0.93	1.93	-2.46	0.75	-2.85	-0.22	0.47	1.94	-0.98	3.05	1.62	1.04	-1.15	1.61	0.24	-2.32	0.6	-0.14	1.3	-2.54	2.44	0.43	0.04	-1.47	3.05	1.62	1.04	-1.15	1.61	-3.89	-1.73	-1.71	-0.84	0.26	-2.54	2.44	0.43	0.04	-1.47	0.24	-2.32	0.6	-0.14	1.3
BRD8-1	3.52	2.5	-3.5	1.99	-0.17	3.05	1.62	1.04	-1.15	1.61	-2.59	-2.64	-1.54	-0.85	-0.02	-4.22	1.94	1.06	0.54	-0.62	-4.28	-1.3	-1.49	-0.72	0.84	1.75	0.5	-1.44	-1.34	0.66	-1.66	0.27	1.84	0.7	2.0	-2.59	-2.64	-1.54	-0.85	-0.02	0.75	-2.18	-1.12	-1.46	-0.4	0.0	0.0	0.0	0.0	0.0	-3.89	-1.73	-1.71	-0.84	0.26	0.24	-2.32	0.6	-0.14	1.3	-2.54	2.44	0.43	0.04	-1.47	-2.85	-0.22	0.47	1.94	-0.98	3.98	0.93	1.93	-2.46	0.75	-2.85	-0.22	0.47	1.94	-0.98	3.05	1.62	1.04	-1.15	1.61	0.24	-2.32	0.6	-0.14	1.3	-2.54	2.44	0.43	0.04	-1.47	3.05	1.62	1.04	-1.15	1.61	3.98	0.93	1.93	-2.46	0.75	-2.59	-2.64	-1.54	-0.85	-0.02	-2.85	-0.22	0.47	1.94	-0.98
BRD8-2	3.52	2.5	-3.5	1.99	-0.17	2.39	-1.07	1.15	-1.39	0.67	-1.66	0.27	1.84	0.7	2.0	-4.22	1.94	1.06	0.54	-0.62	-4.28	-1.3	-1.49	-0.72	0.84	2.29	0.89	-2.49	1.49	0.31	-1.66	0.27	1.84	0.7	2.0	-2.59	-2.64	-1.54	-0.85	-0.02	2.39	-1.07	1.15	-1.39	0.67	0.0	0.0	0.0	0.0	0.0	1.75	0.5	-1.44	-1.34	0.66	0.24	-2.32	0.6	-0.14	1.3	-2.54	2.44	0.43	0.04	-1.47	-2.85	-0.22	0.47	1.94	-0.98	3.98	0.93	1.93	-2.46	0.75	-2.85	-0.22	0.47	1.94	-0.98	3.05	1.62	1.04	-1.15	1.61	0.24	-2.32	0.6	-0.14	1.3	-2.54	2.44	0.43	0.04	-1.47	3.05	1.62	1.04	-1.15	1.61	2.47	1.95	0.26	3.9	0.09	-2.59	-2.64	-1.54	-0.85	-0.02	-2.85	-0.22	0.47	1.94	-0.98
BRD9	3.98	0.93	1.93	-2.46	0.75	2.05	-4.06	0.36	-0.82	-0.38	-4.22	1.94	1.06	0.54	-0.62	-4.22	1.94	1.06	0.54	-0.62	0.24	-2.32	0.6	-0.14	1.3	-4.22	1.94	1.06	0.54	-0.62	-1.66	0.27	1.84	0.7	2.0	-2.59	-2.64	-1.54	-0.85	-0.02	0.75	-2.18	-1.12	-1.46	-0.4	0.0	0.0	0.0	0.0	0.0	-3.89	-1.73	-1.71	-0.84	0.26	0.24	-2.32	0.6	-0.14	1.3	-2.54	2.44	0.43	0.04	-1.47	-2.85	-0.22	0.47	1.94	-0.98	3.98	0.93	1.93	-2.46	0.75	-2.85	-0.22	0.47	1.94	-0.98	3.05	1.62	1.04	-1.15	1.61	0.24	-2.32	0.6	-0.14	1.3	-2.54	2.44	0.43	0.04	-1.47	3.05	1.62	1.04	-1.15	1.61	-2.59	-2.64	-1.54	-0.85	-0.02	-2.54	2.44	0.43	0.04	-1.47	-4.28	-1.3	-1.49	-0.72	0.84
BRDT-1	2.39	-1.07	1.15	-1.39	0.67	-4.36	3.94	0.59	3.44	-1.59	-1.66	0.27	1.84	0.7	2.0	-4.22	1.94	1.06	0.54	-0.62	1.75	0.5	-1.44	-1.34	0.66	3.52	2.5	-3.5	1.99	-0.17	-1.66	0.27	1.84	0.7	2.0	-2.59	-2.64	-1.54	-0.85	-0.02	3.98	0.93	1.93	-2.46	0.75	-4.28	-1.3	-1.49	-0.72	0.84	1.75	0.5	-1.44	-1.34	0.66	-4.28	-1.3	-1.49	-0.72	0.84	-2.54	2.44	0.43	0.04	-1.47	-2.85	-0.22	0.47	1.94	-0.98	3.98	0.93	1.93	-2.46	0.75	-2.85	-0.22	0.47	1.94	-0.98	3.05	1.62	1.04	-1.15	1.61	0.84	-1.67	3.71	0.18	-2.65	-2.54	2.44	0.43	0.04	-1.47	3.05	1.62	1.04	-1.15	1.61	3.98	0.93	1.93	-2.46	0.75	-3.89	-1.73	-1.71	-0.84	0.26	-2.85	-0.22	0.47	1.94	-0.98
BRDT-2	2.39	-1.07	1.15	-1.39	0.67	-4.36	3.94	0.59	3.44	-1.59	-1.66	0.27	1.84	0.7	2.0	-4.22	1.94	1.06	0.54	-0.62	-2.54	2.44	0.43	0.04	-1.47	3.05	1.62	1.04	-1.15	1.61	-1.66	0.27	1.84	0.7	2.0	-2.59	-2.64	-1.54	-0.85	-0.02	3.98	0.93	1.93	-2.46	0.75	-4.28	-1.3	-1.49	-0.72	0.84	2.05	-4.06	0.36	-0.82	-0.38	-4.28	-1.3	-1.49	-0.72	0.84	-2.54	2.44	0.43	0.04	-1.47	-2.85	-0.22	0.47	1.94	-0.98	3.98	0.93	1.93	-2.46	0.75	-2.85	-0.22	0.47	1.94	-0.98	3.05	1.62	1.04	-1.15	1.61	0.84	-1.67	3.71	0.18	-2.65	-2.54	2.44	0.43	0.04	-1.47	3.05	1.62	1.04	-1.15	1.61	3.11	0.26	-0.11	-0.34	-0.25	-2.59	-2.64	-1.54	-0.85	-0.02	-2.85	-0.22	0.47	1.94	-0.98
BRPF1A	3.98	0.93	1.93	-2.46	0.75	3.05	1.62	1.04	-1.15	1.61	-3.89	-1.73	-1.71	-0.84	0.26	-4.22	1.94	1.06	0.54	-0.62	2.39	-1.07	1.15	-1.39	0.67	3.11	0.26	-0.11	-0.34	-0.25	-1.66	0.27	1.84	0.7	2.0	-2.59	-2.64	-1.54	-0.85	-0.02	-1.66	0.27	1.84	0.7	2.0	0.0	0.0	0.0	0.0	0.0	3.11	0.26	-0.11	-0.34	-0.25	-2.59	-2.64	-1.54	-0.85	-0.02	-2.54	2.44	0.43	0.04	-1.47	-2.85	-0.22	0.47	1.94	-0.98	3.98	0.93	1.93	-2.46	0.75	-3.89	-1.73	-1.71	-0.84	0.26	3.05	1.62	1.04	-1.15	1.61	0.84	-1.67	3.71	0.18	-2.65	-2.54	2.44	0.43	0.04	-1.47	3.05	1.62	1.04	-1.15	1.61	-3.89	-1.73	-1.71	-0.84	0.26	-4.22	1.94	1.06	0.54	-0.62	0.24	-2.32	0.6	-0.14	1.3
BRPF1B	3.98	0.93	1.93	-2.46	0.75	3.05	1.62	1.04	-1.15	1.61	-3.89	-1.73	-1.71	-0.84	0.26	-4.22	1.94	1.06	0.54	-0.62	2.39	-1.07	1.15	-1.39	0.67	3.11	0.26	-0.11	-0.34	-0.25	-1.66	0.27	1.84	0.7	2.0	-2.59	-2.64	-1.54	-0.85	-0.02	-1.66	0.27	1.84	0.7	2.0	0.0	0.0	0.0	0.0	0.0	3.11	0.26	-0.11	-0.34	-0.25	-2.59	-2.64	-1.54	-0.85	-0.02	-2.54	2.44	0.43	0.04	-1.47	-2.85	-0.22	0.47	1.94	-0.98	3.98	0.93	1.93	-2.46	0.75	-3.89	-1.73	-1.71	-0.84	0.26	3.05	1.62	1.04	-1.15	1.61	0.84	-1.67	3.71	0.18	-2.65	-2.54	2.44	0.43	0.04	-1.47	3.05	1.62	1.04	-1.15	1.61	-3.89	-1.73	-1.71	-0.84	0.26	-4.22	1.94	1.06	0.54	-0.62	0.24	-2.32	0.6	-0.14	1.3
BRPF3	3.98	0.93	1.93	-2.46	0.75	2.47	1.95	0.26	3.9	0.09	-3.89	-1.73	-1.71	-0.84	0.26	-4.22	1.94	1.06	0.54	-0.62	0.24	-2.32	0.6	-0.14	1.3	3.11	0.26	-0.11	-0.34	-0.25	-1.66	0.27	1.84	0.7	2.0	-2.59	-2.64	-1.54	-0.85	-0.02	3.05	1.62	1.04	-1.15	1.61	0.0	0.0	0.0	0.0	0.0	3.11	0.26	-0.11	-0.34	-0.25	-2.59	-2.64	-1.54	-0.85	-0.02	-2.54	2.44	0.43	0.04	-1.47	-2.85	-0.22	0.47	1.94	-0.98	3.98	0.93	1.93	-2.46	0.75	-3.89	-1.73	-1.71	-0.84	0.26	3.05	1.62	1.04	-1.15	1.61	0.84	-1.67	3.71	0.18	-2.65	-2.54	2.44	0.43	0.04	-1.47	3.05	1.62	1.04	-1.15	1.61	-3.89	-1.73	-1.71	-0.84	0.26	-4.22	1.94	1.06	0.54	-0.62	0.24	-2.32	0.6	-0.14	1.3
BRWD3-1	3.98	0.93	1.93	-2.46	0.75	2.39	-1.07	1.15	-1.39	0.67	-1.66	0.27	1.84	0.7	2.0	-4.22	1.94	1.06	0.54	-0.62	0.24	-2.32	0.6	-0.14	1.3	-2.59	-2.64	-1.54	-0.85	-0.02	-1.66	0.27	1.84	0.7	2.0	-2.59	-2.64	-1.54	-0.85	-0.02	3.98	0.93	1.93	-2.46	0.75	0.0	0.0	0.0	0.0	0.0	0.24	-2.32	0.6	-0.14	1.3	-2.54	2.44	0.43	0.04	-1.47	-2.54	2.44	0.43	0.04	-1.47	0.75	-2.18	-1.12	-1.46	-0.4	3.98	0.93	1.93	-2.46	0.75	-3.89	-1.73	-1.71	-0.84	0.26	3.05	1.62	1.04	-1.15	1.61	0.24	-2.32	0.6	-0.14	1.3	-4.22	1.94	1.06	0.54	-0.62	3.05	1.62	1.04	-1.15	1.61	-1.66	0.27	1.84	0.7	2.0	-3.89	-1.73	-1.71	-0.84	0.26	0.24	-2.32	0.6	-0.14	1.3
BRWD3-2	3.11	0.26	-0.11	-0.34	-0.25	3.11	0.26	-0.11	-0.34	-0.25	-1.66	0.27	1.84	0.7	2.0	-4.22	1.94	1.06	0.54	-0.62	3.52	2.5	-3.5	1.99	-0.17	1.75	0.5	-1.44	-1.34	0.66	-1.66	0.27	1.84	0.7	2.0	0.24	-2.32	0.6	-0.14	1.3	3.98	0.93	1.93	-2.46	0.75	0.0	0.0	0.0	0.0	0.0	2.39	-1.07	1.15	-1.39	0.67	-2.54	2.44	0.43	0.04	-1.47	-2.54	2.44	0.43	0.04	-1.47	-2.59	-2.64	-1.54	-0.85	-0.02	3.98	0.93	1.93	-2.46	0.75	-3.89	-1.73	-1.71	-0.84	0.26	3.05	1.62	1.04	-1.15	1.61	2.39	-1.07	1.15	-1.39	0.67	-2.54	2.44	0.43	0.04	-1.47	0.75	-2.18	-1.12	-1.46	-0.4	3.52	2.5	-3.5	1.99	-0.17	-3.89	-1.73	-1.71	-0.84	0.26	-2.85	-0.22	0.47	1.94	-0.98
CECR2	2.29	0.89	-2.49	1.49	0.31	-4.36	3.94	0.59	3.44	-1.59	-1.66	0.27	1.84	0.7	2.0	-4.22	1.94	1.06	0.54	-0.62	-4.28	-1.3	-1.49	-0.72	0.84	3.11	0.26	-0.11	-0.34	-0.25	-1.66	0.27	1.84	0.7	2.0	-2.59	-2.64	-1.54	-0.85	-0.02	3.98	0.93	1.93	-2.46	0.75	0.0	0.0	0.0	0.0	0.0	-2.54	2.44	0.43	0.04	-1.47	0.24	-2.32	0.6	-0.14	1.3	-2.54	2.44	0.43	0.04	-1.47	-2.85	-0.22	0.47	1.94	-0.98	3.98	0.93	1.93	-2.46	0.75	-2.85	-0.22	0.47	1.94	-0.98	3.05	1.62	1.04	-1.15	1.61	0.84	-1.67	3.71	0.18	-2.65	-2.54	2.44	0.43	0.04	-1.47	3.05	1.62	1.04	-1.15	1.61	3.11	0.26	-0.11	-0.34	-0.25	-2.54	2.44	0.43	0.04	-1.47	-2.85	-0.22	0.47	1.94	-0.98
CREBBP	-1.66	0.27	1.84	0.7	2.0	-4.28	-1.3	-1.49	-0.72	0.84	-1.66	0.27	1.84	0.7	2.0	-4.22	1.94	1.06	0.54	-0.62	3.52	2.5	-3.5	1.99	-0.17	1.75	0.5	-1.44	-1.34	0.66	-1.66	0.27	1.84	0.7	2.0	-2.59	-2.64	-1.54	-0.85	-0.02	3.98	0.93	1.93	-2.46	0.75	-4.28	-1.3	-1.49	-0.72	0.84	2.05	-4.06	0.36	-0.82	-0.38	-3.89	-1.73	-1.71	-0.84	0.26	-2.54	2.44	0.43	0.04	-1.47	-2.85	-0.22	0.47	1.94	-0.98	3.98	0.93	1.93	-2.46	0.75	-2.85	-0.22	0.47	1.94	-0.98	3.05	1.62	1.04	-1.15	1.61	0.24	-2.32	0.6	-0.14	1.3	-2.54	2.44	0.43	0.04	-1.47	3.05	1.62	1.04	-1.15	1.61	3.52	2.5	-3.5	1.99	-0.17	-2.59	-2.64	-1.54	-0.85	-0.02	-4.22	1.94	1.06	0.54	-0.62
EP300	-1.66	0.27	1.84	0.7	2.0	-4.28	-1.3	-1.49	-0.72	0.84	-1.66	0.27	1.84	0.7	2.0	-4.22	1.94	1.06	0.54	-0.62	3.52	2.5	-3.5	1.99	-0.17	1.75	0.5	-1.44	-1.34	0.66	-1.66	0.27	1.84	0.7	2.0	-2.59	-2.64	-1.54	-0.85	-0.02	3.98	0.93	1.93	-2.46	0.75	-4.28	-1.3	-1.49	-0.72	0.84	2.05	-4.06	0.36	-0.82	-0.38	-3.89	-1.73	-1.71	-0.84	0.26	-2.54	2.44	0.43	0.04	-1.47	-2.85	-0.22	0.47	1.94	-0.98	3.98	0.93	1.93	-2.46	0.75	-2.85	-0.22	0.47	1.94	-0.98	3.05	1.62	1.04	-1.15	1.61	0.24	-2.32	0.6	-0.14	1.3	-2.54	2.44	0.43	0.04	-1.47	3.05	1.62	1.04	-1.15	1.61	3.52	2.5	-3.5	1.99	-0.17	-2.59	-2.64	-1.54	-0.85	-0.02	-2.54	2.44	0.43	0.04	-1.47
KAT2A	-1.66	0.27	1.84	0.7	2.0	-4.36	3.94	0.59	3.44	-1.59	-1.66	0.27	1.84	0.7	2.0	-4.22	1.94	1.06	0.54	-0.62	-2.85	-0.22	0.47	1.94	-0.98	3.11	0.26	-0.11	-0.34	-0.25	-1.66	0.27	1.84	0.7	2.0	-2.59	-2.64	-1.54	-0.85	-0.02	2.29	0.89	-2.49	1.49	0.31	0.0	0.0	0.0	0.0	0.0	3.11	0.26	-0.11	-0.34	-0.25	0.24	-2.32	0.6	-0.14	1.3	-2.54	2.44	0.43	0.04	-1.47	-3.89	-1.73	-1.71	-0.84	0.26	3.98	0.93	1.93	-2.46	0.75	-2.59	-2.64	-1.54	-0.85	-0.02	3.05	1.62	1.04	-1.15	1.61	0.84	-1.67	3.71	0.18	-2.65	-2.54	2.44	0.43	0.04	-1.47	3.05	1.62	1.04	-1.15	1.61	3.11	0.26	-0.11	-0.34	-0.25	-2.54	2.44	0.43	0.04	-1.47	0.84	-1.67	3.71	0.18	-2.65
MLL	2.39	-1.07	1.15	-1.39	0.67	-4.28	-1.3	-1.49	-0.72	0.84	3.52	2.5	-3.5	1.99	-0.17	-2.54	2.44	0.43	0.04	-1.47	3.52	2.5	-3.5	1.99	-0.17	2.29	0.89	-2.49	1.49	0.31	-1.66	0.27	1.84	0.7	2.0	-1.66	0.27	1.84	0.7	2.0	3.98	0.93	1.93	-2.46	0.75	0.0	0.0	0.0	0.0	0.0	2.39	-1.07	1.15	-1.39	0.67	-3.89	-1.73	-1.71	-0.84	0.26	2.39	-1.07	1.15	-1.39	0.67	-4.28	-1.3	-1.49	-0.72	0.84	3.98	0.93	1.93	-2.46	0.75	-3.89	-1.73	-1.71	-0.84	0.26	0.24	-2.32	0.6	-0.14	1.3	0.24	-2.32	0.6	-0.14	1.3	2.39	-1.07	1.15	-1.39	0.67	3.98	0.93	1.93	-2.46	0.75	3.11	0.26	-0.11	-0.34	-0.25	-3.89	-1.73	-1.71	-0.84	0.26	0.24	-2.32	0.6	-0.14	1.3
PB1-1	-4.28	-1.3	-1.49	-0.72	0.84	3.11	0.26	-0.11	-0.34	-0.25	-4.28	-1.3	-1.49	-0.72	0.84	-4.22	1.94	1.06	0.54	-0.62	-3.89	-1.73	-1.71	-0.84	0.26	3.52	2.5	-3.5	1.99	-0.17	0.24	-2.32	0.6	-0.14	1.3	-1.66	0.27	1.84	0.7	2.0	2.29	0.89	-2.49	1.49	0.31	0.0	0.0	0.0	0.0	0.0	3.05	1.62	1.04	-1.15	1.61	1.75	0.5	-1.44	-1.34	0.66	-2.54	2.44	0.43	0.04	-1.47	-3.89	-1.73	-1.71	-0.84	0.26	3.98	0.93	1.93	-2.46	0.75	-4.28	-1.3	-1.49	-0.72	0.84	3.05	1.62	1.04	-1.15	1.61	0.24	-2.32	0.6	-0.14	1.3	-2.54	2.44	0.43	0.04	-1.47	-2.54	2.44	0.43	0.04	-1.47	-1.66	0.27	1.84	0.7	2.0	3.11	0.26	-0.11	-0.34	-0.25	0.24	-2.32	0.6	-0.14	1.3
PB1-2	-4.28	-1.3	-1.49	-0.72	0.84	3.11	0.26	-0.11	-0.34	-0.25	-4.28	-1.3	-1.49	-0.72	0.84	-4.22	1.94	1.06	0.54	-0.62	1.75	0.5	-1.44	-1.34	0.66	2.29	0.89	-2.49	1.49	0.31	-4.28	-1.3	-1.49	-0.72	0.84	-1.66	0.27	1.84	0.7	2.0	2.39	-1.07	1.15	-1.39	0.67	0.0	0.0	0.0	0.0	0.0	1.75	0.5	-1.44	-1.34	0.66	-2.54	2.44	0.43	0.04	-1.47	-2.54	2.44	0.43	0.04	-1.47	-3.89	-1.73	-1.71	-0.84	0.26	3.98	0.93	1.93	-2.46	0.75	-4.28	-1.3	-1.49	-0.72	0.84	3.05	1.62	1.04	-1.15	1.61	0.24	-2.32	0.6	-0.14	1.3	-2.54	2.44	0.43	0.04	-1.47	3.05	1.62	1.04	-1.15	1.61	1.75	0.5	-1.44	-1.34	0.66	-2.59	-2.64	-1.54	-0.85	-0.02	3.98	0.93	1.93	-2.46	0.75
PB1-3	-4.28	-1.3	-1.49	-0.72	0.84	3.11	0.26	-0.11	-0.34	-0.25	-1.66	0.27	1.84	0.7	2.0	-4.22	1.94	1.06	0.54	-0.62	-2.54	2.44	0.43	0.04	-1.47	2.47	1.95	0.26	3.9	0.09	-4.28	-1.3	-1.49	-0.72	0.84	-1.66	0.27	1.84	0.7	2.0	2.39	-1.07	1.15	-1.39	0.67	0.0	0.0	0.0	0.0	0.0	2.29	0.89	-2.49	1.49	0.31	-2.54	2.44	0.43	0.04	-1.47	-2.54	2.44	0.43	0.04	-1.47	-3.89	-1.73	-1.71	-0.84	0.26	2.39	-1.07	1.15	-1.39	0.67	-2.85	-0.22	0.47	1.94	-0.98	3.05	1.62	1.04	-1.15	1.61	0.24	-2.32	0.6	-0.14	1.3	-2.54	2.44	0.43	0.04	-1.47	3.05	1.62	1.04	-1.15	1.61	0.24	-2.32	0.6	-0.14	1.3	-3.89	-1.73	-1.71	-0.84	0.26	3.52	2.5	-3.5	1.99	-0.17
PB1-4	3.52	2.5	-3.5	1.99	-0.17	3.98	0.93	1.93	-2.46	0.75	-4.28	-1.3	-1.49	-0.72	0.84	-4.22	1.94	1.06	0.54	-0.62	-2.85	-0.22	0.47	1.94	-0.98	-2.59	-2.64	-1.54	-0.85	-0.02	2.29	0.89	-2.49	1.49	0.31	-1.66	0.27	1.84	0.7	2.0	2.39	-1.07	1.15	-1.39	0.67	0.0	0.0	0.0	0.0	0.0	3.98	0.93	1.93	-2.46	0.75	-2.54	2.44	0.43	0.04	-1.47	-2.54	2.44	0.43	0.04	-1.47	-2.85	-0.22	0.47	1.94	-0.98	3.98	0.93	1.93	-2.46	0.75	-2.85	-0.22	0.47	1.94	-0.98	3.05	1.62	1.04	-1.15	1.61	0.24	-2.32	0.6	-0.14	1.3	-2.54	2.44	0.43	0.04	-1.47	3.05	1.62	1.04	-1.15	1.61	1.75	0.5	-1.44	-1.34	0.66	-2.59	-2.64	-1.54	-0.85	-0.02	3.98	0.93	1.93	-2.46	0.75
PB1-5	3.52	2.5	-3.5	1.99	-0.17	0.24	-2.32	0.6	-0.14	1.3	-3.89	-1.73	-1.71	-0.84	0.26	-4.22	1.94	1.06	0.54	-0.62	-4.28	-1.3	-1.49	-0.72	0.84	3.52	2.5	-3.5	1.99	-0.17	-4.28	-1.3	-1.49	-0.72	0.84	-1.66	0.27	1.84	0.7	2.0	2.39	-1.07	1.15	-1.39	0.67	0.0	0.0	0.0	0.0	0.0	3.11	0.26	-0.11	-0.34	-0.25	-4.28	-1.3	-1.49	-0.72	0.84	-2.54	2.44	0.43	0.04	-1.47	-2.85	-0.22	0.47	1.94	-0.98	3.98	0.93	1.93	-2.46	0.75	-2.85	-0.22	0.47	1.94	-0.98	3.05	1.62	1.04	-1.15	1.61	0.24	-2.32	0.6	-0.14	1.3	-2.54	2.44	0.43	0.04	-1.47	3.05	1.62	1.04	-1.15	1.61	-4.28	-1.3	-1.49	-0.72	0.84	-3.89	-1.73	-1.71	-0.84	0.26	3.98	0.93	1.93	-2.46	0.75
PB1-6	0.84	-1.67	3.71	0.18	-2.65	3.98	0.93	1.93	-2.46	0.75	2.39	-1.07	1.15	-1.39	0.67	-4.28	-1.3	-1.49	-0.72	0.84	0.24	-2.32	0.6	-0.14	1.3	3.11	0.26	-0.11	-0.34	-0.25	-3.89	-1.73	-1.71	-0.84	0.26	-1.66	0.27	1.84	0.7	2.0	0.24	-2.32	0.6	-0.14	1.3	0.0	0.0	0.0	0.0	0.0	-1.66	0.27	1.84	0.7	2.0	0.0	0.0	0.0	0.0	0.0	0.0	0.0	0.0	0.0	0.0	-4.28	-1.3	-1.49	-0.72	0.84	0.75	-2.18	-1.12	-1.46	-0.4	-2.59	-2.64	-1.54	-0.85	-0.02	3.52	2.5	-3.5	1.99	-0.17	0.24	-2.32	0.6	-0.14	1.3	-2.85	-0.22	0.47	1.94	-0.98	3.05	1.62	1.04	-1.15	1.61	3.11	0.26	-0.11	-0.34	-0.25	-3.89	-1.73	-1.71	-0.84	0.26	3.98	0.93	1.93	-2.46	0.75
PCAF	1.75	0.5	-1.44	-1.34	0.66	-4.36	3.94	0.59	3.44	-1.59	-1.66	0.27	1.84	0.7	2.0	-4.22	1.94	1.06	0.54	-0.62	-2.85	-0.22	0.47	1.94	-0.98	3.11	0.26	-0.11	-0.34	-0.25	-1.66	0.27	1.84	0.7	2.0	-2.59	-2.64	-1.54	-0.85	-0.02	2.29	0.89	-2.49	1.49	0.31	0.0	0.0	0.0	0.0	0.0	3.11	0.26	-0.11	-0.34	-0.25	0.24	-2.32	0.6	-0.14	1.3	-2.54	2.44	0.43	0.04	-1.47	-2.85	-0.22	0.47	1.94	-0.98	3.98	0.93	1.93	-2.46	0.75	-2.59	-2.64	-1.54	-0.85	-0.02	3.05	1.62	1.04	-1.15	1.61	0.84	-1.67	3.71	0.18	-2.65	-2.54	2.44	0.43	0.04	-1.47	3.05	1.62	1.04	-1.15	1.61	3.11	0.26	-0.11	-0.34	-0.25	-2.54	2.44	0.43	0.04	-1.47	0.84	-1.67	3.71	0.18	-2.65
PHIP-1	3.98	0.93	1.93	-2.46	0.75	2.39	-1.07	1.15	-1.39	0.67	0.24	-2.32	0.6	-0.14	1.3	-4.22	1.94	1.06	0.54	-0.62	-2.59	-2.64	-1.54	-0.85	-0.02	0.24	-2.32	0.6	-0.14	1.3	-1.66	0.27	1.84	0.7	2.0	-2.59	-2.64	-1.54	-0.85	-0.02	3.98	0.93	1.93	-2.46	0.75	0.0	0.0	0.0	0.0	0.0	0.24	-2.32	0.6	-0.14	1.3	-2.54	2.44	0.43	0.04	-1.47	-2.54	2.44	0.43	0.04	-1.47	0.75	-2.18	-1.12	-1.46	-0.4	3.98	0.93	1.93	-2.46	0.75	-3.89	-1.73	-1.71	-0.84	0.26	3.05	1.62	1.04	-1.15	1.61	0.75	-2.18	-1.12	-1.46	-0.4	-4.22	1.94	1.06	0.54	-0.62	3.05	1.62	1.04	-1.15	1.61	-1.66	0.27	1.84	0.7	2.0	-3.89	-1.73	-1.71	-0.84	0.26	2.39	-1.07	1.15	-1.39	0.67
PHIP-2	3.11	0.26	-0.11	-0.34	-0.25	3.11	0.26	-0.11	-0.34	-0.25	-1.66	0.27	1.84	0.7	2.0	-4.22	1.94	1.06	0.54	-0.62	3.52	2.5	-3.5	1.99	-0.17	1.75	0.5	-1.44	-1.34	0.66	-1.66	0.27	1.84	0.7	2.0	-2.59	-2.64	-1.54	-0.85	-0.02	3.98	0.93	1.93	-2.46	0.75	0.0	0.0	0.0	0.0	0.0	3.11	0.26	-0.11	-0.34	-0.25	-2.54	2.44	0.43	0.04	-1.47	-2.54	2.44	0.43	0.04	-1.47	-2.85	-0.22	0.47	1.94	-0.98	3.98	0.93	1.93	-2.46	0.75	-3.89	-1.73	-1.71	-0.84	0.26	3.05	1.62	1.04	-1.15	1.61	2.39	-1.07	1.15	-1.39	0.67	-2.54	2.44	0.43	0.04	-1.47	0.75	-2.18	-1.12	-1.46	-0.4	3.52	2.5	-3.5	1.99	-0.17	-3.89	-1.73	-1.71	-0.84	0.26	-2.85	-0.22	0.47	1.94	-0.98
PRKCBP1	-1.66	0.27	1.84	0.7	2.0	3.98	0.93	1.93	-2.46	0.75	0.24	-2.32	0.6	-0.14	1.3	-4.22	1.94	1.06	0.54	-0.62	1.75	0.5	-1.44	-1.34	0.66	2.29	0.89	-2.49	1.49	0.31	-1.66	0.27	1.84	0.7	2.0	-2.59	-2.64	-1.54	-0.85	-0.02	-1.66	0.27	1.84	0.7	2.0	0.0	0.0	0.0	0.0	0.0	1.75	0.5	-1.44	-1.34	0.66	2.47	1.95	0.26	3.9	0.09	-2.54	2.44	0.43	0.04	-1.47	-2.85	-0.22	0.47	1.94	-0.98	3.98	0.93	1.93	-2.46	0.75	-3.89	-1.73	-1.71	-0.84	0.26	3.05	1.62	1.04	-1.15	1.61	0.84	-1.67	3.71	0.18	-2.65	-2.54	2.44	0.43	0.04	-1.47	3.05	1.62	1.04	-1.15	1.61	2.29	0.89	-2.49	1.49	0.31	-4.28	-1.3	-1.49	-0.72	0.84	-3.89	-1.73	-1.71	-0.84	0.26
SMARCA2A	1.75	0.5	-1.44	-1.34	0.66	3.11	0.26	-0.11	-0.34	-0.25	-2.59	-2.64	-1.54	-0.85	-0.02	-4.22	1.94	1.06	0.54	-0.62	-3.89	-1.73	-1.71	-0.84	0.26	1.75	0.5	-1.44	-1.34	0.66	-4.28	-1.3	-1.49	-0.72	0.84	-1.66	0.27	1.84	0.7	2.0	2.39	-1.07	1.15	-1.39	0.67	0.0	0.0	0.0	0.0	0.0	3.11	0.26	-0.11	-0.34	-0.25	-4.28	-1.3	-1.49	-0.72	0.84	-2.54	2.44	0.43	0.04	-1.47	-2.59	-2.64	-1.54	-0.85	-0.02	3.98	0.93	1.93	-2.46	0.75	-4.28	-1.3	-1.49	-0.72	0.84	3.05	1.62	1.04	-1.15	1.61	0.24	-2.32	0.6	-0.14	1.3	-4.22	1.94	1.06	0.54	-0.62	3.05	1.62	1.04	-1.15	1.61	1.75	0.5	-1.44	-1.34	0.66	-3.89	-1.73	-1.71	-0.84	0.26	3.98	0.93	1.93	-2.46	0.75
SMARCA2B	1.75	0.5	-1.44	-1.34	0.66	3.11	0.26	-0.11	-0.34	-0.25	-2.59	-2.64	-1.54	-0.85	-0.02	-4.22	1.94	1.06	0.54	-0.62	-3.89	-1.73	-1.71	-0.84	0.26	1.75	0.5	-1.44	-1.34	0.66	-4.28	-1.3	-1.49	-0.72	0.84	-1.66	0.27	1.84	0.7	2.0	2.39	-1.07	1.15	-1.39	0.67	0.0	0.0	0.0	0.0	0.0	3.11	0.26	-0.11	-0.34	-0.25	-4.28	-1.3	-1.49	-0.72	0.84	-2.54	2.44	0.43	0.04	-1.47	-2.59	-2.64	-1.54	-0.85	-0.02	3.98	0.93	1.93	-2.46	0.75	-4.28	-1.3	-1.49	-0.72	0.84	3.05	1.62	1.04	-1.15	1.61	0.24	-2.32	0.6	-0.14	1.3	-4.22	1.94	1.06	0.54	-0.62	3.05	1.62	1.04	-1.15	1.61	1.75	0.5	-1.44	-1.34	0.66	-3.89	-1.73	-1.71	-0.84	0.26	3.98	0.93	1.93	-2.46	0.75
SMARCA4	1.75	0.5	-1.44	-1.34	0.66	3.11	0.26	-0.11	-0.34	-0.25	-2.59	-2.64	-1.54	-0.85	-0.02	-4.22	1.94	1.06	0.54	-0.62	-3.89	-1.73	-1.71	-0.84	0.26	1.75	0.5	-1.44	-1.34	0.66	-4.28	-1.3	-1.49	-0.72	0.84	-1.66	0.27	1.84	0.7	2.0	2.39	-1.07	1.15	-1.39	0.67	0.0	0.0	0.0	0.0	0.0	3.11	0.26	-0.11	-0.34	-0.25	-4.28	-1.3	-1.49	-0.72	0.84	-2.54	2.44	0.43	0.04	-1.47	-2.59	-2.64	-1.54	-0.85	-0.02	3.98	0.93	1.93	-2.46	0.75	-4.28	-1.3	-1.49	-0.72	0.84	3.05	1.62	1.04	-1.15	1.61	0.24	-2.32	0.6	-0.14	1.3	-4.22	1.94	1.06	0.54	-0.62	3.05	1.62	1.04	-1.15	1.61	-4.28	-1.3	-1.49	-0.72	0.84	-3.89	-1.73	-1.71	-0.84	0.26	3.98	0.93	1.93	-2.46	0.75
SP140	2.39	-1.07	1.15	-1.39	0.67	2.39	-1.07	1.15	-1.39	0.67	-4.22	1.94	1.06	0.54	-0.62	-4.22	1.94	1.06	0.54	-0.62	0.24	-2.32	0.6	-0.14	1.3	2.29	0.89	-2.49	1.49	0.31	-3.89	-1.73	-1.71	-0.84	0.26	-1.66	0.27	1.84	0.7	2.0	-2.54	2.44	0.43	0.04	-1.47	0.0	0.0	0.0	0.0	0.0	-2.54	2.44	0.43	0.04	-1.47	-3.89	-1.73	-1.71	-0.84	0.26	0.24	-2.32	0.6	-0.14	1.3	-2.85	-0.22	0.47	1.94	-0.98	-4.36	3.94	0.59	3.44	-1.59	-3.89	-1.73	-1.71	-0.84	0.26	3.05	1.62	1.04	-1.15	1.61	2.47	1.95	0.26	3.9	0.09	2.39	-1.07	1.15	-1.39	0.67	-2.54	2.44	0.43	0.04	-1.47	3.98	0.93	1.93	-2.46	0.75	-4.22	1.94	1.06	0.54	-0.62	-2.85	-0.22	0.47	1.94	-0.98
TAF1-1	-1.66	0.27	1.84	0.7	2.0	-2.54	2.44	0.43	0.04	-1.47	-1.66	0.27	1.84	0.7	2.0	-4.22	1.94	1.06	0.54	-0.62	2.47	1.95	0.26	3.9	0.09	0.75	-2.18	-1.12	-1.46	-0.4	-1.66	0.27	1.84	0.7	2.0	-2.59	-2.64	-1.54	-0.85	-0.02	3.05	1.62	1.04	-1.15	1.61	0.0	0.0	0.0	0.0	0.0	-2.59	-2.64	-1.54	-0.85	-0.02	-2.59	-2.64	-1.54	-0.85	-0.02	-2.54	2.44	0.43	0.04	-1.47	-2.85	-0.22	0.47	1.94	-0.98	3.98	0.93	1.93	-2.46	0.75	-3.89	-1.73	-1.71	-0.84	0.26	3.05	1.62	1.04	-1.15	1.61	2.39	-1.07	1.15	-1.39	0.67	-2.54	2.44	0.43	0.04	-1.47	3.05	1.62	1.04	-1.15	1.61	2.39	-1.07	1.15	-1.39	0.67	-4.28	-1.3	-1.49	-0.72	0.84	-3.89	-1.73	-1.71	-0.84	0.26
TAF1-2	-1.66	0.27	1.84	0.7	2.0	-4.36	3.94	0.59	3.44	-1.59	-1.66	0.27	1.84	0.7	2.0	-4.22	1.94	1.06	0.54	-0.62	2.47	1.95	0.26	3.9	0.09	2.47	1.95	0.26	3.9	0.09	-1.66	0.27	1.84	0.7	2.0	-2.59	-2.64	-1.54	-0.85	-0.02	3.05	1.62	1.04	-1.15	1.61	0.0	0.0	0.0	0.0	0.0	-4.22	1.94	1.06	0.54	-0.62	-2.59	-2.64	-1.54	-0.85	-0.02	-2.54	2.44	0.43	0.04	-1.47	-2.85	-0.22	0.47	1.94	-0.98	3.98	0.93	1.93	-2.46	0.75	-3.89	-1.73	-1.71	-0.84	0.26	3.05	1.62	1.04	-1.15	1.61	2.39	-1.07	1.15	-1.39	0.67	-2.54	2.44	0.43	0.04	-1.47	3.05	1.62	1.04	-1.15	1.61	1.75	0.5	-1.44	-1.34	0.66	-2.54	2.44	0.43	0.04	-1.47	0.75	-2.18	-1.12	-1.46	-0.4
TAF1L-1	-1.66	0.27	1.84	0.7	2.0	2.47	1.95	0.26	3.9	0.09	-1.66	0.27	1.84	0.7	2.0	-4.22	1.94	1.06	0.54	-0.62	2.47	1.95	0.26	3.9	0.09	0.75	-2.18	-1.12	-1.46	-0.4	-1.66	0.27	1.84	0.7	2.0	-2.59	-2.64	-1.54	-0.85	-0.02	3.05	1.62	1.04	-1.15	1.61	0.0	0.0	0.0	0.0	0.0	-2.59	-2.64	-1.54	-0.85	-0.02	-2.59	-2.64	-1.54	-0.85	-0.02	-2.54	2.44	0.43	0.04	-1.47	-2.85	-0.22	0.47	1.94	-0.98	3.98	0.93	1.93	-2.46	0.75	-3.89	-1.73	-1.71	-0.84	0.26	3.05	1.62	1.04	-1.15	1.61	2.39	-1.07	1.15	-1.39	0.67	-2.54	2.44	0.43	0.04	-1.47	3.05	1.62	1.04	-1.15	1.61	2.39	-1.07	1.15	-1.39	0.67	-4.28	-1.3	-1.49	-0.72	0.84	-3.89	-1.73	-1.71	-0.84	0.26
TAF1L-2	-1.66	0.27	1.84	0.7	2.0	-4.36	3.94	0.59	3.44	-1.59	-1.66	0.27	1.84	0.7	2.0	-4.22	1.94	1.06	0.54	-0.62	2.47	1.95	0.26	3.9	0.09	2.47	1.95	0.26	3.9	0.09	-1.66	0.27	1.84	0.7	2.0	-2.59	-2.64	-1.54	-0.85	-0.02	3.05	1.62	1.04	-1.15	1.61	0.0	0.0	0.0	0.0	0.0	-4.22	1.94	1.06	0.54	-0.62	-2.59	-2.64	-1.54	-0.85	-0.02	-2.54	2.44	0.43	0.04	-1.47	-2.59	-2.64	-1.54	-0.85	-0.02	3.98	0.93	1.93	-2.46	0.75	-3.89	-1.73	-1.71	-0.84	0.26	3.05	1.62	1.04	-1.15	1.61	2.39	-1.07	1.15	-1.39	0.67	-2.54	2.44	0.43	0.04	-1.47	3.05	1.62	1.04	-1.15	1.61	1.75	0.5	-1.44	-1.34	0.66	-2.54	2.44	0.43	0.04	-1.47	0.75	-2.18	-1.12	-1.46	-0.4
TRIM24	3.11	0.26	-0.11	-0.34	-0.25	-4.28	-1.3	-1.49	-0.72	0.84	0.24	-2.32	0.6	-0.14	1.3	-4.22	1.94	1.06	0.54	-0.62	1.75	0.5	-1.44	-1.34	0.66	3.98	0.93	1.93	-2.46	0.75	-1.66	0.27	1.84	0.7	2.0	-2.59	-2.64	-1.54	-0.85	-0.02	-1.66	0.27	1.84	0.7	2.0	0.0	0.0	0.0	0.0	0.0	0.75	-2.18	-1.12	-1.46	-0.4	-2.59	-2.64	-1.54	-0.85	-0.02	-2.54	2.44	0.43	0.04	-1.47	-2.85	-0.22	0.47	1.94	-0.98	3.98	0.93	1.93	-2.46	0.75	-3.89	-1.73	-1.71	-0.84	0.26	3.05	1.62	1.04	-1.15	1.61	0.84	-1.67	3.71	0.18	-2.65	-4.22	1.94	1.06	0.54	-0.62	3.05	1.62	1.04	-1.15	1.61	3.11	0.26	-0.11	-0.34	-0.25	-2.59	-2.64	-1.54	-0.85	-0.02	0.24	-2.32	0.6	-0.14	1.3
TRIM28	3.11	0.26	-0.11	-0.34	-0.25	3.52	2.5	-3.5	1.99	-0.17	-1.66	0.27	1.84	0.7	2.0	-4.28	-1.3	-1.49	-0.72	0.84	2.47	1.95	0.26	3.9	0.09	1.75	0.5	-1.44	-1.34	0.66	-4.28	-1.3	-1.49	-0.72	0.84	0.24	-2.32	0.6	-0.14	1.3	0.75	-2.18	-1.12	-1.46	-0.4	0.0	0.0	0.0	0.0	0.0	0.75	-2.18	-1.12	-1.46	-0.4	-4.22	1.94	1.06	0.54	-0.62	2.39	-1.07	1.15	-1.39	0.67	-4.28	-1.3	-1.49	-0.72	0.84	3.98	0.93	1.93	-2.46	0.75	-2.85	-0.22	0.47	1.94	-0.98	1.75	0.5	-1.44	-1.34	0.66	-4.22	1.94	1.06	0.54	-0.62	-4.28	-1.3	-1.49	-0.72	0.84	0.75	-2.18	-1.12	-1.46	-0.4	0.24	-2.32	0.6	-0.14	1.3	3.98	0.93	1.93	-2.46	0.75	2.39	-1.07	1.15	-1.39	0.67
TRIM33A	3.11	0.26	-0.11	-0.34	-0.25	-3.89	-1.73	-1.71	-0.84	0.26	3.11	0.26	-0.11	-0.34	-0.25	-4.22	1.94	1.06	0.54	-0.62	1.75	0.5	-1.44	-1.34	0.66	3.11	0.26	-0.11	-0.34	-0.25	-1.66	0.27	1.84	0.7	2.0	-2.59	-2.64	-1.54	-0.85	-0.02	-1.66	0.27	1.84	0.7	2.0	0.0	0.0	0.0	0.0	0.0	2.39	-1.07	1.15	-1.39	0.67	-3.89	-1.73	-1.71	-0.84	0.26	-2.54	2.44	0.43	0.04	-1.47	-2.85	-0.22	0.47	1.94	-0.98	3.98	0.93	1.93	-2.46	0.75	-3.89	-1.73	-1.71	-0.84	0.26	3.05	1.62	1.04	-1.15	1.61	0.84	-1.67	3.71	0.18	-2.65	-4.22	1.94	1.06	0.54	-0.62	3.05	1.62	1.04	-1.15	1.61	3.11	0.26	-0.11	-0.34	-0.25	-2.59	-2.64	-1.54	-0.85	-0.02	0.24	-2.32	0.6	-0.14	1.3
TRIM33B	3.11	0.26	-0.11	-0.34	-0.25	-3.89	-1.73	-1.71	-0.84	0.26	3.11	0.26	-0.11	-0.34	-0.25	-4.22	1.94	1.06	0.54	-0.62	1.75	0.5	-1.44	-1.34	0.66	3.11	0.26	-0.11	-0.34	-0.25	-1.66	0.27	1.84	0.7	2.0	-2.59	-2.64	-1.54	-0.85	-0.02	-1.66	0.27	1.84	0.7	2.0	0.0	0.0	0.0	0.0	0.0	2.39	-1.07	1.15	-1.39	0.67	-3.89	-1.73	-1.71	-0.84	0.26	-2.54	2.44	0.43	0.04	-1.47	-2.85	-0.22	0.47	1.94	-0.98	3.98	0.93	1.93	-2.46	0.75	-3.89	-1.73	-1.71	-0.84	0.26	3.05	1.62	1.04	-1.15	1.61	0.84	-1.67	3.71	0.18	-2.65	-4.22	1.94	1.06	0.54	-0.62	3.05	1.62	1.04	-1.15	1.61	3.11	0.26	-0.11	-0.34	-0.25	-2.59	-2.64	-1.54	-0.85	-0.02	0.24	-2.32	0.6	-0.14	1.3
TRIM66	3.05	1.62	1.04	-1.15	1.61	-4.28	-1.3	-1.49	-0.72	0.84	-1.66	0.27	1.84	0.7	2.0	-4.22	1.94	1.06	0.54	-0.62	2.47	1.95	0.26	3.9	0.09	3.11	0.26	-0.11	-0.34	-0.25	-1.66	0.27	1.84	0.7	2.0	-2.59	-2.64	-1.54	-0.85	-0.02	2.39	-1.07	1.15	-1.39	0.67	0.0	0.0	0.0	0.0	0.0	-4.28	-1.3	-1.49	-0.72	0.84	0.24	-2.32	0.6	-0.14	1.3	-2.54	2.44	0.43	0.04	-1.47	-2.85	-0.22	0.47	1.94	-0.98	3.98	0.93	1.93	-2.46	0.75	-2.85	-0.22	0.47	1.94	-0.98	3.05	1.62	1.04	-1.15	1.61	0.84	-1.67	3.71	0.18	-2.65	-4.22	1.94	1.06	0.54	-0.62	3.05	1.62	1.04	-1.15	1.61	3.11	0.26	-0.11	-0.34	-0.25	-2.59	-2.64	-1.54	-0.85	-0.02	0.24	-2.32	0.6	-0.14	1.3
WDR9-1	3.98	0.93	1.93	-2.46	0.75	0.24	-2.32	0.6	-0.14	1.3	0.24	-2.32	0.6	-0.14	1.3	-4.22	1.94	1.06	0.54	-0.62	0.24	-2.32	0.6	-0.14	1.3	2.05	-4.06	0.36	-0.82	-0.38	-1.66	0.27	1.84	0.7	2.0	-2.59	-2.64	-1.54	-0.85	-0.02	3.98	0.93	1.93	-2.46	0.75	0.0	0.0	0.0	0.0	0.0	0.75	-2.18	-1.12	-1.46	-0.4	-2.54	2.44	0.43	0.04	-1.47	-2.54	2.44	0.43	0.04	-1.47	0.75	-2.18	-1.12	-1.46	-0.4	3.98	0.93	1.93	-2.46	0.75	-3.89	-1.73	-1.71	-0.84	0.26	3.05	1.62	1.04	-1.15	1.61	0.24	-2.32	0.6	-0.14	1.3	-4.22	1.94	1.06	0.54	-0.62	3.05	1.62	1.04	-1.15	1.61	-2.59	-2.64	-1.54	-0.85	-0.02	-3.89	-1.73	-1.71	-0.84	0.26	2.39	-1.07	1.15	-1.39	0.67
WDR9-2	3.11	0.26	-0.11	-0.34	-0.25	3.11	0.26	-0.11	-0.34	-0.25	-1.66	0.27	1.84	0.7	2.0	-4.22	1.94	1.06	0.54	-0.62	3.52	2.5	-3.5	1.99	-0.17	1.75	0.5	-1.44	-1.34	0.66	-1.66	0.27	1.84	0.7	2.0	-2.59	-2.64	-1.54	-0.85	-0.02	3.98	0.93	1.93	-2.46	0.75	0.0	0.0	0.0	0.0	0.0	3.11	0.26	-0.11	-0.34	-0.25	-2.54	2.44	0.43	0.04	-1.47	-2.54	2.44	0.43	0.04	-1.47	-2.85	-0.22	0.47	1.94	-0.98	3.98	0.93	1.93	-2.46	0.75	-3.89	-1.73	-1.71	-0.84	0.26	3.05	1.62	1.04	-1.15	1.61	0.24	-2.32	0.6	-0.14	1.3	-2.54	2.44	0.43	0.04	-1.47	0.75	-2.18	-1.12	-1.46	-0.4	2.29	0.89	-2.49	1.49	0.31	-3.89	-1.73	-1.71	-0.84	0.26	-2.85	-0.22	0.47	1.94	-0.98
ZMYND11	3.11	0.26	-0.11	-0.34	-0.25	-3.89	-1.73	-1.71	-0.84	0.26	3.98	0.93	1.93	-2.46	0.75	-4.28	-1.3	-1.49	-0.72	0.84	3.05	1.62	1.04	-1.15	1.61	2.29	0.89	-2.49	1.49	0.31	2.29	0.89	-2.49	1.49	0.31	2.05	-4.06	0.36	-0.82	-0.38	2.29	0.89	-2.49	1.49	0.31	0.0	0.0	0.0	0.0	0.0	2.29	0.89	-2.49	1.49	0.31	2.47	1.95	0.26	3.9	0.09	-2.54	2.44	0.43	0.04	-1.47	-2.59	-2.64	-1.54	-0.85	-0.02	3.98	0.93	1.93	-2.46	0.75	-4.28	-1.3	-1.49	-0.72	0.84	3.05	1.62	1.04	-1.15	1.61	0.75	-2.18	-1.12	-1.46	-0.4	-4.22	1.94	1.06	0.54	-0.62	-2.54	2.44	0.43	0.04	-1.47	3.11	0.26	-0.11	-0.34	-0.25	1.75	0.5	-1.44	-1.34	0.66	-3.89	-1.73	-1.71	-0.84	0.26
