#	Pc1.A	Pc1.R	Pc1.N	Pc1.D	Pc1.C	Pc1.Q	Pc1.E	Pc1.G	Pc1.H	Pc1.I	Pc1.L	Pc1.K	Pc1.M	Pc1.F	Pc1.P	Pc1.S	Pc1.T	Pc1.W	Pc1.Y	Pc1.V	Pc2.Hydrophobicity.1	Pc2.Hydrophilicity.1	Pc2.Hydrophobicity.2	Pc2.Hydrophilicity.2	Pc2.Hydrophobicity.3	Pc2.Hydrophilicity.3	Pc2.Hydrophobicity.4	Pc2.Hydrophilicity.4	Pc2.Hydrophobicity.5	Pc2.Hydrophilicity.5	Pc2.Hydrophobicity.6	Pc2.Hydrophilicity.6	Pc2.Hydrophobicity.7	Pc2.Hydrophilicity.7	Pc2.Hydrophobicity.8	Pc2.Hydrophilicity.8	Pc2.Hydrophobicity.9	Pc2.Hydrophilicity.9	Pc2.Hydrophobicity.10	Pc2.Hydrophilicity.10	Pc2.Hydrophobicity.11	Pc2.Hydrophilicity.11	Pc2.Hydrophobicity.12	Pc2.Hydrophilicity.12	Pc2.Hydrophobicity.13	Pc2.Hydrophilicity.13	Pc2.Hydrophobicity.14	Pc2.Hydrophilicity.14	Pc2.Hydrophobicity.15	Pc2.Hydrophilicity.15	Pc2.Hydrophobicity.16	Pc2.Hydrophilicity.16	Pc2.Hydrophobicity.17	Pc2.Hydrophilicity.17	Pc2.Hydrophobicity.18	Pc2.Hydrophilicity.18	Pc2.Hydrophobicity.19	Pc2.Hydrophilicity.19	Pc2.Hydrophobicity.20	Pc2.Hydrophilicity.20	Pc2.Hydrophobicity.21	Pc2.Hydrophilicity.21	Pc2.Hydrophobicity.22	Pc2.Hydrophilicity.22	Pc2.Hydrophobicity.23	Pc2.Hydrophilicity.23	Pc2.Hydrophobicity.24	Pc2.Hydrophilicity.24	Pc2.Hydrophobicity.25	Pc2.Hydrophilicity.25	Pc2.Hydrophobicity.26	Pc2.Hydrophilicity.26	Pc2.Hydrophobicity.27	Pc2.Hydrophilicity.27	Pc2.Hydrophobicity.28	Pc2.Hydrophilicity.28	Pc2.Hydrophobicity.29	Pc2.Hydrophilicity.29	Pc2.Hydrophobicity.30	Pc2.Hydrophilicity.30
ASH1L	13.37069992097953	7.640399954845446	3.820199977422723	7.640399954845446	1.9100999887113614	2.865149983067042	5.730299966134084	3.820199977422723	0.9550499943556807	7.640399954845446	9.550499943556806	11.460599932268169	0.9550499943556807	2.865149983067042	4.775249971778403	5.730299966134084	2.865149983067042	0.0	8.595449949201127	3.820199977422723	-0.0003237211201832304	0.0022225165775756044	-0.011480553322178172	-0.013145032863786474	0.009030892555328919	0.008444420799864813	0.0019433940176270341	0.0009894023238963502	-0.009588603484040522	-0.00877951336976336	0.00669120306892984	0.0055653784344252884	0.006491961854708176	0.008093574623000472	-0.007386899956865067	-0.0014933480180743658	0.000408126106061853	-0.001777446522481596	0.002601959521909666	0.004797988040947787	0.001796156189033031	0.011753778196220503	-0.007815399643495305	0.001311769659979311	0.0021567630752936545	-0.0038261715834658756	0.011198638262136207	0.008739360686322825	-0.0009545395655593482	-0.0011348130626005692	-0.005525388411865425	-0.004300683265698104	0.008445373718371547	0.01374928537272342	0.0017988160748841544	0.0051761883271128776	0.0007545469163208101	-0.006265953753792052	0.008642170444951733	0.0066792297886562125	0.00042622341088569563	0.00545636194483048	-0.0017178343129646862	-0.0023402830877476072	-0.0033753332798373238	-0.005420556770898254	-0.0011216659071257786	0.004227501928657468	0.0017474102097455374	0.00815361116813482	0.00231847970684009	0.0031363125355735955	-0.006119697629618323	-0.0001301385017213622	0.0045002194608293996	0.011584100571554954	-0.0013628197419378737	-0.00088338417077493	-0.014905154116211612	-0.01490817446632769
ATAD2	5.435911898613677	10.871823797227353	2.7179559493068384	13.589779746534193	1.8119706328712257	0.9059853164356129	6.34189721504929	0.9059853164356129	2.7179559493068384	9.059853164356129	10.871823797227353	6.34189721504929	0.9059853164356129	3.6239412657424515	5.435911898613677	3.6239412657424515	5.435911898613677	0.0	4.5299265821780645	7.247882531484903	-0.00612707226240498	0.0001261405257163297	-0.012568728349317278	-0.0041567268623987266	-0.0033409133912734625	0.0029035940545985403	0.0042371695631522165	0.0041157417500051665	0.005026917590035635	-0.0005885724059824271	0.0010339953902782156	0.007832234778945957	0.0019006404231284026	0.0009503126912718514	-0.0033968707725163328	-0.004922964624784926	0.0032817391373438226	0.0043308541678402125	0.009479684295874728	0.005997603257076591	-0.0009693007424789024	0.0015068369799832485	0.00013569955708558383	0.005226434329205642	0.0010734108915149863	0.00433236079283812	-0.014565598674218737	-0.005160752750318299	0.012371910234057244	0.013237066066001767	0.003035810436440496	0.004940654980129794	0.0055422809977685355	0.008502878765652491	-0.006503852780682878	-0.009357753199462537	-0.006268694759231635	0.0011501570917815123	0.004190963873938099	0.007455906634447608	0.0023557988545102816	0.007256976019592502	-0.001821178857068169	0.0014481659688440895	0.0033017181672157087	0.011773508813938039	0.00018497759583310428	0.0008096689632174031	0.009525501967168351	0.010397223833533111	-0.0030090359244711188	0.0011462040026889695	-0.0034120191008093137	-0.0030496449974383825	0.0027091406209041676	0.0060325378426132606	-0.00569001751413049	0.004538378832058817	-1.1782567776669186e-05	0.0035373633629217716
ATAD2B	7.164808958326961	6.26920783853609	4.478005598954351	12.53841567707218	1.7912022395817402	0.0	8.060410078117831	0.8956011197908701	2.68680335937261	9.851612317699571	11.64281455728131	9.851612317699571	0.8956011197908701	3.5824044791634804	3.5824044791634804	3.5824044791634804	7.164808958326961	0.0	2.68680335937261	4.478005598954351	-0.003265876982262793	0.002403195172380446	-0.012123068105284872	-0.007425012651546412	0.001706313966455459	0.004620519821320107	0.0022282920368547794	0.0028297105359936553	0.0013300808723729193	-0.0018401617495656408	0.0007871019828229764	0.005924467247309759	0.006553083219884232	0.008356491003238035	-0.004437770632292015	-0.0023251370120745845	0.0013951132361027028	0.0026777111931195643	0.0021708817969259713	0.006485259738276213	0.0023483419676614023	0.0036235908541853387	0.0021212339505635026	0.007428708249782856	-0.004039669699101991	0.005139385003254259	-0.007555036873325399	0.0008733978149366151	0.006780249050410868	0.010682481569091908	-0.00027098975790964646	0.008450423899380435	0.006772808393428872	0.007925950052419334	-0.0041816954450398305	-0.005871723597140064	-0.006848782084195918	-0.0016728740672550242	0.0018723345035946714	0.00796260971217096	0.0003667066243590258	0.007320251067277835	-0.003069017214862838	0.003368394549403615	-0.0008893521281685678	0.004750117617480664	0.0007611552908570117	0.005161248242005356	0.003667625432282216	0.009337211959037245	-0.0029140001904574974	-0.000185189492848939	-0.003564231226403751	-0.003972014632462601	0.0034962569043313764	0.013060378230693337	0.003625907736861168	0.010234066721839956	-0.003946463413785774	-0.0018021100552526568
BAZ1A	7.346788938828458	5.247706384877469	5.247706384877469	6.297247661852963	2.099082553950988	6.297247661852963	9.445871492779446	5.247706384877469	3.1486238309264816	9.445871492779446	11.544954046730433	9.445871492779446	1.049541276975494	7.346788938828458	4.198165107901976	6.297247661852963	2.099082553950988	1.049541276975494	4.198165107901976	7.346788938828458	-0.0065506295497345475	-0.00852798151780255	-0.006395649242115169	-0.003699659051744581	0.0004010291600952795	0.0034508342633948826	0.0037315851233057154	0.003628296112524536	-0.004999322207335722	-0.006522236119989562	-0.0010195945045726553	0.002550584481204158	-0.0071275426663028425	-0.005805328256875764	0.004329799866075278	0.0023906878234494495	0.0006637762501844344	-0.003642184157534215	-0.004098972093324619	0.004875383674123501	-0.00401408581594664	-0.002257319283028773	0.011811973995442992	0.011331523062808721	-0.010578744017215345	-0.009809403135126732	-0.011743257088763507	-0.0009556065975438567	-0.0007960371811209607	0.00047945191708778976	0.004690192760091515	0.00858860161093306	-0.005552232808743005	-0.000679910531704218	-0.002964459673550434	-0.0006945428177410791	-0.0060035770688704184	-0.0073645374156305985	0.007302427323098941	-0.00046407753234263424	0.001274212664550126	0.00723505001373633	0.004347945108997229	0.012973893500148999	-0.009869834245166489	-0.012290725502267598	0.010878756581918543	0.007532014378296021	0.005688247538064925	0.012409095954936207	-0.0077384954479664215	-0.003781613867323678	-0.0023408359915662665	-0.007705968370911809	0.0067956334108466585	0.007119376190346675	-0.005939501497674801	-0.0049587399542443235	-0.008526749966010137	-0.0106022945633639
BAZ1B	2.9073607028512347	6.783841639986214	2.9073607028512347	4.845601171418725	5.814721405702469	6.783841639986214	8.722082108553703	1.9382404685674899	4.845601171418725	2.9073607028512347	8.722082108553703	6.783841639986214	2.9073607028512347	4.845601171418725	3.8764809371349798	8.722082108553703	5.814721405702469	0.9691202342837449	4.845601171418725	9.69120234283745	0.0009180571670126884	-0.0042213175606725115	-0.0052503556067302	-0.0004287654378965523	-0.004165397221075889	-0.0009032426475648503	-0.0007703499294984968	0.0031907168857467157	-0.002714814511319565	-0.0034317108079145162	-0.005060880446157944	-0.0023285794783494676	0.00951068424873617	0.010767042486118003	0.0013981052144342026	-0.002593495530478845	-0.003388609010268445	0.0012505931358912114	0.002312303065298605	0.0040651414529114735	0.0037125469285432997	-0.002286062246157765	0.005016455579642225	0.0006774526130129339	0.00045006890310002497	-0.0001033359686381307	-0.008949970391923844	-0.003709095181821306	0.0008361768545556969	0.0026569790077197847	-0.006489900405988999	-0.0037949199169278166	0.005575408486366002	0.007522695479774089	0.003196236487012854	0.0031963875978312344	-0.0013008534585345639	-0.0009978584034025394	-0.0024010778179017517	-0.0032427820084044707	0.0034473276425558163	0.004991198044538821	0.008561447224750647	0.008356849443520518	-0.011949192717833648	-0.01602854491239369	0.007838359918267831	0.013199097633179474	0.00862615991018458	0.008951794917725877	0.0011130562915207206	0.005513270206462816	-0.005047308044810621	-0.005819118861276814	0.0075508430131736365	0.010065902218773102	0.0059891961149413624	0.0020454759401752807	-0.012164898321211426	-0.012080827552067942
BAZ2A	6.173396717360411	10.288994528934019	5.1444972644670095	7.202296170253813	2.057798905786804	2.057798905786804	12.346793434720823	5.1444972644670095	4.115597811573608	5.1444972644670095	8.231195623147215	2.057798905786804	6.173396717360411	9.260095076040617	4.115597811573608	9.260095076040617	4.115597811573608	2.057798905786804	3.0866983586802057	4.115597811573608	0.0009167973496522108	-0.0014761536304142	-0.01160706929822754	-0.01012776015659455	0.0021181211479241726	-0.00126776167758589	-0.0015950261590731913	0.0035296651522267164	0.005579931320999946	0.0062939817195654495	-0.003372447136353969	-0.005740900530086194	0.008047587009261264	0.0070356651578935515	-0.0030901344757863383	-0.002098203418747658	-0.014167968329088928	-0.014567315815759162	0.0007381770100554331	0.009317450104972544	-0.0009911096919418163	0.001912171231679309	0.005076340765558428	0.008378819989681586	7.398563641214125e-05	-0.0013614315268793364	0.006138040155259737	0.00593223422484976	0.001652229408658161	0.005093544182140942	-0.01569872493866057	-0.012319257498545224	0.0035398862409763603	0.009989215016141114	0.005359248839327638	0.006055820602669876	-2.8473089060109995e-05	-0.0016024874471920986	-0.0007650540536777713	0.0021039732895238254	0.004219413003655134	0.006366666538514664	-0.003920493405170444	0.007270465884912668	-0.008900482691066556	-0.01513649836425305	0.003567595554198366	0.003680906831603066	0.003217347269724998	0.008329631296974326	-0.0007696415440968885	0.006222643216387914	-0.0111094819815182	-0.010128401227543566	-0.010700049084990322	-0.00332755706981723	0.0022791639299319325	0.0040885405413127116	-0.011080456490589122	-0.006074371783327834
BAZ2B	3.9514584905773846	4.939323113221731	4.939323113221731	10.866510849087808	1.9757292452886923	0.9878646226443462	7.902916981154769	3.9514584905773846	1.9757292452886923	3.9514584905773846	10.866510849087808	11.854375471732153	3.9514584905773846	6.915052358510422	5.9271877358660765	5.9271877358660765	6.915052358510422	1.9757292452886923	2.9635938679330383	4.939323113221731	0.0006061839365011679	0.00481288840506998	-0.0028172967654177677	-0.0032757082888716996	0.00017469665299417098	0.005963807961032908	0.006315883152633648	0.010917231794110886	0.0016785798491263915	0.0019524491362308762	0.0010635085154162918	0.0009990792787817383	0.006480582871721964	0.004923225655568506	-0.006080049880362786	-0.0030243337243990942	-0.009038477024333486	-0.01095241974403901	0.002713680824501595	0.0026096439159448153	-0.0010943617653404647	0.005941981446217398	0.0010164651803992676	-0.0006496818921887284	-0.002414699707726554	0.0015505191404469865	0.003152304508737767	0.0067203589734831	0.004514748499135011	0.007473475321962764	-0.008760907344055328	-0.008099447481951573	0.004700361945230309	0.013455361327139105	0.007259548642727317	0.010963706154121951	0.006461248402721591	-0.0008969932559898021	-0.00577528366101375	-0.004393547673021838	0.002589590139726453	0.0053319349052351524	-0.00020298361265986043	0.006318086215195751	-0.00881696449854134	-0.01077788363514094	0.0038845249863309755	0.0008935460764146052	0.0011194676492771226	0.009064320383697507	-0.008568670993609594	-0.00461868460471725	-0.012707230590387609	-0.014736746518178025	-0.0007071664292336328	0.0013992841959525216	-0.003359740512895223	0.0014319902544419913	-0.0076423971573613475	-0.0049072121811390606
BPTF	6.9289689999853294	5.939116285701711	2.9695581428508553	7.918821714268947	1.9797054285672369	3.9594108571344737	9.898527142836185	2.9695581428508553	0.9898527142836184	1.9797054285672369	9.898527142836185	8.908674428552565	3.9594108571344737	6.9289689999853294	7.918821714268947	3.9594108571344737	4.949263571418093	0.9898527142836184	7.918821714268947	6.9289689999853294	-0.0007498199780594948	-0.00232344798281035	-0.013800986098885661	-0.01627243467096298	0.014105052213006163	0.01597570403209789	0.0037871193392718635	8.21399407617565e-05	-0.0063464459125928095	-0.011541793696361604	0.0041170104987429115	0.004653834799075151	0.004233562135472144	0.006483076889203303	-0.004050170933432168	0.0009607330898184132	-0.007513204867006613	0.0017701968761379052	-0.0004981513898716095	0.005454708736000076	0.002215412798740705	0.0057500659640031425	-0.010062328186763753	-0.0061874801094125315	-0.002549427740133687	-0.000589723027031962	0.0029236098244327467	0.0030489495998746725	-0.004508641747840619	-0.0007765338252758794	-0.005899604454494666	-0.0008610884053383498	0.0011076867441185785	0.009108257788458654	-4.0665915476916745e-05	-0.003952019150576595	-0.0005742008173361561	-0.0005948912841521077	0.0020228258612189375	0.003968025187092366	-0.0024785953586731672	-0.00355458962225795	0.005610866685631489	0.005889674527811067	0.0019527231820607534	0.0023567742769606192	0.0034304270383611864	0.002139487923675352	0.014796870878643871	0.013216247865234372	0.0002994765540939558	0.001483458252662534	-0.0063538802594045405	-0.009459751005037903	0.010043736535613664	0.013181930706126138	-0.00400211888887958	-0.0012207042652949908	-0.017817170193881415	-0.011442491240774745
BRD1	7.518892302318862	11.278338453478293	2.8195846133695732	10.338476915688435	0.9398615377898577	5.6391692267391464	5.6391692267391464	2.8195846133695732	2.8195846133695732	3.759446151159431	13.158061529058008	5.6391692267391464	3.759446151159431	4.699307688949289	4.699307688949289	1.8797230755797154	3.759446151159431	0.0	3.759446151159431	7.518892302318862	-0.005455956568376912	-0.004144905890095151	-0.0024477528965374633	-0.002060369380051345	-0.005565388713791209	0.00308693986751942	0.012660224027580982	0.009779641313250497	-0.013660525852363837	-0.012988685931406278	-0.005174510167853012	0.0008716245198973908	-0.002225152161035867	0.0018845180251637508	-0.0006210599019173779	-0.0029337939074120414	0.006313384800432182	0.0032464862441935033	0.005946603830885691	0.007898467047579984	-0.007249502763229049	-0.004083911888141177	-0.001335177129222607	0.003018047535054492	0.009479733702146912	0.009250094176158208	0.01016426957838567	0.011028469776580957	-0.005332312572609584	0.0007918762963568686	-0.0036464729126998215	0.004912127428560673	0.0024280709948781534	-0.0028624296709627655	0.004050957135857373	0.005949070444666138	-0.0034412309874741506	0.0009477138652270703	-0.004784510159571373	-0.0016574588879717039	-0.003399205501040793	0.0006631486355419225	0.00848602034693299	0.01608115185914279	-0.004113439745694847	-0.006354795643898005	0.007276949143061237	0.007758841533656132	0.002714048104315224	0.006072809367671159	-0.002968791189575526	-0.006884949099401649	0.0006296544124954064	-0.005040690558748965	0.012925129614837001	0.021913549220392216	-0.00021385346368221712	-0.003488172741973066	-0.007661868067665138	-0.006294286283876643
BRD2-1	7.2534879046011005	4.144850231200629	6.217275346800943	6.217275346800943	2.0724251156003146	9.325913020201416	3.1086376734004717	3.1086376734004717	3.1086376734004717	6.217275346800943	9.325913020201416	10.362125578001573	7.2534879046011005	5.181062789000786	7.2534879046011005	2.0724251156003146	6.217275346800943	3.1086376734004717	6.217275346800943	7.2534879046011005	-2.430497982924716e-05	-0.002464561252104235	-0.014722283054367744	-0.006132665133919433	-0.003982737448686214	-0.0037646650048374346	0.009010156879690399	0.008332926403210423	-0.008413079390705791	-0.008345685150902844	-0.0009448094413623048	-0.0015289356015306666	-0.0006756269294841974	-0.007135402219080761	-0.0024142449005146106	-0.002846627832684588	-0.004048301242147166	-0.003060940657617237	0.005534065634586135	0.005858667356905225	0.001834272026713443	0.004338157493263069	-0.0032487105238430685	-0.000875343951042401	-0.0019171932079594606	0.0012587709048488516	0.009113687326075494	-0.00010051890862519588	0.00538204947156377	0.003937359059819553	-0.0042637200136244665	0.001748575706690279	-0.003087872228944659	-0.0005046216568472838	0.0033409080184641574	0.0017319211118309765	-0.003839518264330066	0.0005125290252731064	0.0018428832608990994	0.006435497744089154	-0.0056423376870268	-0.010265555324030664	-0.006300401409669535	-0.0017567003802281672	-0.006885811594124189	-0.00849713679218651	0.0074506878607591386	0.0005271654163611427	-0.004750400809649629	-0.009112448298764128	-0.0009615785297150848	0.000918842612301269	0.007472682967501157	0.0006969516497222247	0.012450370839036771	0.006659175420985608	0.0018366168705116067	0.0023847603684320783	-0.0051895387909486465	0.0008820393816430582
BRD2-2	10.608216345595922	5.786299824870503	3.8575332165803355	10.608216345595922	1.9287666082901678	2.8931499124352515	4.821916520725419	1.9287666082901678	5.786299824870503	2.8931499124352515	9.643833041450838	10.608216345595922	4.821916520725419	4.821916520725419	5.786299824870503	4.821916520725419	0.9643833041450839	0.9643833041450839	6.750683129015587	5.786299824870503	0.00042855525310348766	-0.007874043493116352	-0.0072368553689160404	-0.003007179862127721	0.0053736630583281165	0.012499767471903568	0.0009365077665110114	0.0015369008990121671	-0.002426316792460893	-0.0013543525144448416	0.004341787708525011	0.0040315207286199094	0.00035462188796112076	0.002244787446448559	-0.0011656997205627406	0.004131050241060347	0.003386724379284808	-0.0035363927413253216	0.004797288220415269	0.005956471017415969	0.0028926647839038902	0.007133331681537638	-0.004386977524635715	-0.002227728969174095	-0.0025482137228129043	0.002950889821563497	0.0019252496700792102	0.0009127113950650424	0.006964931435082172	0.00892890113228307	-0.004112261690086165	-0.0005185893445663028	0.0017290863228507378	0.0030563269544262037	-0.0009560439033444067	-0.001090253997394397	-0.009819959288504078	-0.008106127600497176	-0.0038036477367906127	-0.002674030709287562	0.003824704003223078	-0.001717243466536866	0.005942644983930368	0.006539550445585047	-7.471080553858128e-05	-0.003281588782435217	0.0014886216233983077	0.0019708290931155776	0.0005346835361453704	0.004599803237691467	-0.0012672632778642037	0.0013654378634478652	-0.0015906376344897277	0.00014257499005564098	0.006325454128440902	0.008960492367968077	-0.013135406955545879	-0.006569456160473308	-0.0037730175225159776	0.0056621598919807505
BRD3-1	6.3022998622121085	2.1007666207373696	9.453449793318162	6.3022998622121085	2.1007666207373696	10.503833103686848	3.1511499311060542	2.1007666207373696	2.1007666207373696	7.352683172580793	8.403066482949479	11.554216414055531	7.352683172580793	5.251916551843424	7.352683172580793	2.1007666207373696	6.3022998622121085	3.1511499311060542	7.352683172580793	6.3022998622121085	-0.000378510347767719	0.0004887652700760499	-0.011858468955629305	-0.00549542177530295	-0.0001081585832563329	0.0009842120760046064	0.006512430922907193	0.003593853633269237	-0.0020134332491562124	-0.0052286487367685175	0.00028428500349079327	-0.000996718030088974	-0.007285069120059442	-0.009075249090524427	-0.0021960106348002475	-0.005456697325087526	0.0023263674953775603	0.0009920472280512834	0.0055019777238761065	0.00674566444856816	0.0019142225624156285	0.004289575394971786	-0.00860223872627084	-0.007539322272383419	-1.9809425122145148e-05	0.007273567231533233	0.007774189601658438	0.00022377219872140938	0.004971934078358447	0.002728028434464843	-0.0075122152069276	-0.0015696076657826501	-0.001205604710970764	0.0025971849795802596	0.005327206701119463	-0.00041890984554199923	-0.0002941563445441651	0.003494557388167245	0.001318587922934269	0.003058844189230597	-0.004460189577033021	-0.008072436519158002	-0.009007184979223428	-0.006343819690953011	-0.007335649201324583	-0.009226711384535768	0.006443233971510092	-1.918782390048403e-05	-0.003230523096405189	-0.009517845894909088	-9.291805561566762e-05	0.0003420098702253763	0.0016130948444786296	-0.003164089243428971	0.0033771421820152263	0.00041072795167326764	-0.000890397250422784	0.0033741949885260076	-0.0029035526741218653	0.0031737667751272165
BRD3-2	10.742435965713481	6.836095614544943	1.9531701755842694	10.742435965713481	1.9531701755842694	1.9531701755842694	6.836095614544943	1.9531701755842694	5.859510526752809	2.9297552633764044	8.789265790129212	8.789265790129212	6.836095614544943	4.882925438960673	6.836095614544943	4.882925438960673	0.9765850877921347	0.9765850877921347	6.836095614544943	5.859510526752809	-0.005218250556566545	-0.009092182966233625	-0.00907259380968969	-0.005627557454312637	0.0015037474117412075	0.012831321147692967	-0.0005424102521580216	-0.00101053903722608	-0.00241455528910658	0.002662928233291126	0.003983660790250239	0.0032920478649668284	-0.0012170155855475554	-0.001643408932414943	-0.0035796607297524244	0.003021011453922523	0.004522073457147389	-0.0027246138181679603	-0.0005659559314342406	0.003810908177109629	0.002851610841812622	0.00444936028818996	-0.0073502153666995225	-0.004744320576618614	0.0011009184145194363	0.004738603278386601	-0.003268434927942195	-0.0037263603831662563	0.008026292975984452	0.010855740050953862	-0.002466310176343012	0.0014039007080723757	0.0015084483503091687	0.003987624236408038	-0.005990776047753929	-0.003341371100713334	-0.004239304029183699	-0.005507458572676175	-0.0023978878723153246	0.0019647505982686732	0.0007394438590692525	-0.001750422652254256	0.004456226286816199	0.005729844698117486	0.0008190952581575896	0.0011456271206603246	0.005251970303463069	0.005012062785326262	-0.0026169207946522173	0.005112592296642177	0.0005530366428459943	0.00020179676722160603	-0.0002613873346981652	-0.00010180076795139423	0.008719435803797833	0.0126144114091449	-0.009993357942894176	-0.006990432172509674	-0.0009081854619337622	0.0049081112404914026
BRD4-1	5.276411125366536	3.165846675219922	9.497540025659767	6.331693350439844	2.1105644501466148	9.497540025659767	5.276411125366536	2.1105644501466148	1.0552822250733074	7.386975575513151	13.718668925952995	11.60810447580638	4.2211289002932295	5.276411125366536	7.386975575513151	0.0	7.386975575513151	3.165846675219922	7.386975575513151	5.276411125366536	-0.0028300432338037693	-0.001814505858677575	-0.011926061794582925	-0.0071074713773038424	-0.0006670531012319543	0.0005167251328157539	0.01163158888022727	0.00773587005333685	-0.005494670391411221	-0.01006542288354607	-0.002019333018621826	-0.0021114235544138307	-0.0022474973893906597	-0.008437299124525318	-0.0005271247773361743	-0.0023133877366278803	-0.0026210415619986552	0.00015218691272625477	0.0057751012494853165	0.005117198042453066	0.00349456591588089	0.005927744521911452	-0.007035257490795609	-0.003701402149596702	-0.0044920834350495945	0.0003408257653368623	0.0058929515343036	-0.002687559967420752	0.0032118491061150184	0.0027340400172591577	-0.005473458072596294	0.000714813920010895	-0.001580980053322323	-3.5364723221552594e-05	0.005127277692667051	-0.00034682790097599066	0.000573239076987867	0.0048495958121645534	0.00459741083546517	0.006173641437710594	-0.0035045061132706313	-0.009104132706177657	-0.007993870806556148	-0.004395216547599721	-0.004546714200460384	-0.005361971916630617	0.002045415429898316	-0.0030827211896467584	-0.002772565572527242	-0.010371828403241313	-0.00374137843850037	-0.003925443956678746	0.0033876933588520438	0.0009995649607396284	0.009853582364369477	0.006289678602299523	-0.002497164010062606	0.0012109843357129258	-0.006100427420825698	-0.0007025591534084638
BRD4-2	10.800969207079925	4.9095314577636024	1.963812583105441	8.837156623974485	3.927625166210882	2.9457188746581613	7.855250332421764	2.9457188746581613	3.927625166210882	3.927625166210882	6.873344040869044	10.800969207079925	6.873344040869044	5.891437749316323	5.891437749316323	4.9095314577636024	0.9819062915527205	0.9819062915527205	5.891437749316323	6.873344040869044	-0.006989538368813564	-0.011529278501037583	-0.005552580677454489	-0.0026070763754316335	0.0013353787717072419	0.009762809559823452	-0.0008682148280044954	0.0009324824276395468	-0.0040814588605379756	-0.0001397401892878766	0.0035520735970492857	0.002764888095924901	-0.00011816321410657501	0.0015671993152927802	-0.002656098502240674	0.003952550223943209	0.0040397198543271305	-0.002980347100268746	0.0005812932398836984	0.002597693601190548	0.004692096617164337	0.0072169633490772505	-0.003834070326032153	-0.002220760013248569	-0.0028976420975614986	0.0012111740998465312	0.0004371569372920901	0.0004389122494251407	0.01016409395265353	0.010490672290882642	-0.003252263628913603	0.00019232467823502463	0.0035848303885314117	0.00416406852846033	-0.002911928700038841	-0.0023135882443043126	-0.008055675376709115	-0.007761829725249858	-0.0033710722335492933	-0.0020040381938831934	0.008879325446595324	0.003917606474362927	0.003382354124067555	0.004847199055369535	-0.001254235721408816	-0.0035129326312642183	-0.00012035903127808517	-0.0008047973699423818	0.002948147684120632	0.00871497414023718	-0.00522166300359731	-0.0027993848871048746	-0.0012909474171719944	4.748423134395795e-05	0.00647008608181845	0.012205699639515831	-0.011841764979689263	-0.008384557052524721	-0.002050334434238002	0.006428791476391888
BRD7	6.336577627051017	3.1682888135255083	6.336577627051017	5.280481355875847	1.0560962711751694	7.392673898226185	9.504866440576524	2.1121925423503387	2.1121925423503387	9.504866440576524	9.504866440576524	12.673155254102033	7.392673898226185	6.336577627051017	6.336577627051017	7.392673898226185	5.280481355875847	0.0	5.280481355875847	2.1121925423503387	0.001193074462719768	0.002416747777949375	-0.008321888511559641	-0.0032585923062826367	0.002919377276147229	0.007420208275335587	0.011803234826175728	-0.0010488407376084432	-0.0035621960459071055	-0.004243215365833183	-0.007376747319736085	-0.0020529617992646517	0.006301283894982095	0.00289185593971463	0.00802512112055556	0.005927956492534697	-0.0018071316766736254	0.0013685290939708743	-0.012593402021783315	-0.005228162581042837	0.0032349224624027063	0.004087394763566054	0.0021094226316594493	0.0037103075570545647	0.003822204631505489	0.0034408799344310273	-0.007979976546959266	-0.004201170586943567	0.0004899524128319195	0.004790906330335525	0.0031910702820555255	0.004925991544491956	0.0038522053837105634	0.00196344068395661	-0.007831484264000876	-0.004191615339757505	-0.014920191419142527	-0.010223937387479788	-0.002851189121691471	-0.0012561160214334577	-0.0020225313260949984	0.004237766230798609	-0.0002311935876142248	0.006471362476255112	-0.009582238473757672	-0.01054443579561551	0.014214819804637725	0.010606118120551615	0.0017909467558562782	0.002573748877470533	-0.017461954000256085	-0.01631970194763485	-0.013413613521397588	-0.00829687633647531	0.005352898931610502	0.003728105329818436	0.0014083721151600269	-0.0013977149338694182	-0.01066499693770451	-0.0034824216818949436
BRD8-1	12.703306237755768	6.351653118877884	6.351653118877884	7.410261972024197	0.0	10.58608853146314	4.234435412585256	2.117217706292628	4.234435412585256	10.58608853146314	7.410261972024197	5.29304426573157	7.410261972024197	4.234435412585256	3.175826559438942	5.29304426573157	3.175826559438942	2.117217706292628	4.234435412585256	8.468870825170512	0.004191140381225834	0.0005290710190286552	-0.019363862834023422	-0.011043448533041966	-0.007003234066949746	0.00269396991526026	0.005240761406421263	0.007772864916977424	-0.006960610842296514	-0.008855152056779851	-0.00937144259127549	-0.01090898508876533	0.008657800361309625	0.001832817822106556	0.00509637229889934	0.0033079557017240556	-0.008241936088240682	-0.0027398872383901348	-0.012946213444067049	-0.009757828441430298	0.0013852328008362377	0.00384073814479976	0.006530833377884462	0.007595741304936835	0.0013434278714776992	0.0007274830897844617	0.008067083848618865	0.0039203039754026	0.0009396591316560377	-0.0010989628170405624	-0.0016637934450742641	0.006205781175285857	0.0030060413866963833	0.005153425090105782	0.0009144053844017627	-0.005414358053787986	-0.008319726428403524	-0.008780006839893354	0.0004929050484625914	-0.0006660313440095013	0.0020458392135219855	0.002329865834228609	-0.010031224967819838	-0.00924252841647939	-0.0022452151948941113	-0.008072963660596535	0.008744330820714259	0.006989810517520814	0.0106602273619143	0.009413082304255943	-0.01559129652469767	-0.007936207150049427	-0.018544988388563242	-0.017768108843648926	0.018059484411354357	0.014817778911730167	0.013645585397142088	0.008879549520768136	-0.01141606796539406	-0.009656141627154013
BRD8-2	5.04035795526633	8.064572728426128	4.032286364213064	6.048429546319597	0.0	7.056501137372863	4.032286364213064	2.016143182106532	5.04035795526633	4.032286364213064	13.10493068369246	8.064572728426128	8.064572728426128	5.04035795526633	6.048429546319597	7.056501137372863	3.0242147731597986	1.008071591053266	3.0242147731597986	10.08071591053266	0.0009679313869846659	0.0008718692418368161	-0.011733800095026786	-0.0076196606666192185	-0.008416051675721651	-0.0011965232821658498	-0.0007653691815667176	0.004605107983481866	0.0007675225358208207	-0.0022683720739411994	0.004313789484903071	-0.0026311832874247247	0.004699491075199583	0.004373415419214374	0.00037823744717438776	0.004593342282416107	-0.0016412998339752766	-0.001293056452248076	-0.0032991897136365003	-0.0033503793175228415	-0.0018798053511597326	0.002189832348881866	0.005342900510674322	0.003706934876860829	0.006509705962823648	0.00787958139392573	0.004925807603533839	0.0024001399613752506	-0.0009063764980742693	-0.0013688689522117123	0.0012582914607506166	0.008090946376128385	-0.007734337246668148	-0.0029695044335355967	-0.0008576863463385582	-0.0016379361027567744	0.0022435916254057286	-0.0015832492288600497	0.0017048359103675663	-0.003087802206928828	-0.0007288304320218996	-0.0008713981324543742	-0.00545483737222791	-0.0018276569042260744	-0.00832177627514448	-0.01161967547189472	0.007362442346473731	0.009872312287094466	0.014019425023450195	0.014562617722791488	-0.0014696882605452694	-0.0006616911646004028	-0.01153903716097769	-0.013002370249892705	0.00341470963833296	0.0028044378444093986	0.0022853113653184907	0.005505527624352857	-0.008540842019042124	-0.009443394403839024
BRD9	11.460126558153624	3.125489061314625	4.1673187484195	7.292807809734124	1.041829687104875	5.209148435524375	5.209148435524375	4.1673187484195	4.1673187484195	6.25097812262925	7.292807809734124	12.5019562452585	7.292807809734124	8.334637496839	6.25097812262925	4.1673187484195	6.25097812262925	0.0	5.209148435524375	4.1673187484195	0.0025803564549552282	-0.003406540687649716	-0.009153539664437261	-0.0002023268321328054	-0.002344194994472297	-0.0060074504090199396	0.011885580432558525	0.006970930035459407	-0.007700054825635423	-0.011211246504286532	-0.010487193157709582	-0.004298379145886582	0.008022655693059166	0.0016860730642704435	0.008202461721731731	0.008196578988885244	-0.007052156858704096	-0.003963214777656271	-0.009863297107206351	0.0014435142804172568	0.00696601081049962	0.002967510028390912	-0.003677293863284902	-0.0011412504372429295	-0.0021187748763077507	-0.0031200734592298565	-0.0016827538510186158	0.0014654573693414859	0.0038807346339414153	0.003409892799793471	-0.00153555131602375	0.002944820872654955	0.004074098835321836	0.0027607623387157845	0.0012292405544438742	0.0056632513095133934	-0.013829999476702362	-0.011120866352524817	-0.000984916328789437	0.0014790075960581716	0.0039049525185763804	0.0013820527311897124	0.0058739646300849414	0.012265322528782785	-0.0031591175083819424	-0.006807121027846965	0.006731266765679347	0.004197158693426478	-0.004506713003914382	-0.0012684600688031317	-0.01353947621077999	-0.009384661724412156	-0.009856706446948702	-0.011740072651531893	0.008148914681709267	0.0053585243755679855	0.004779157937459475	-0.0008177953637569705	-0.0054850333425220605	0.0011662924874563294
BRDT-1	5.149722020419966	3.0898332122519796	8.239555232671945	7.2096108285879525	2.0598888081679863	9.269499636755938	4.1197776163359725	2.0598888081679863	1.0299444040839931	5.149722020419966	14.419221657175905	12.359332849007918	5.149722020419966	5.149722020419966	6.179666424503959	5.149722020419966	4.1197776163359725	2.0598888081679863	7.2096108285879525	5.149722020419966	-0.005069423930905213	-0.00193180926555418	-0.014598746782494077	-0.010739883169259577	-0.0010408555104207524	-0.00126315875565068	0.01068672340804264	0.008334594187344682	-0.0020561658224115564	-0.005501489745621711	0.0011953281783040586	0.0015422157568427454	-0.005352035046286167	-0.006824567183275876	-0.0009427442710207775	-0.004870675166744972	0.003912051903146878	0.0005830410166420258	0.0027582684947126484	0.004565802129793272	0.0030067387160096033	0.006146717212323694	-0.004171273834067145	-0.005252183187533903	-0.0035292400002781446	-0.0010969117669430643	-0.001675158350847931	-0.002606370415951099	0.00458730527616187	0.008234957016310199	-0.009538178824851242	-0.0026163592602201154	-0.0010390648666256754	0.0009475881763593184	0.0061808903216110335	0.0057002778666986635	-0.0014860197866765202	4.3985058618841585e-05	0.004110439198128733	0.004844433201307153	-0.004494579602476268	-0.003074455450775039	-0.0055952342364902815	-0.005671380907650493	-0.0034525540836903667	-0.007606401347330148	0.009421620062176183	0.007299114273567712	-0.0077473144982722324	-0.009257564096776704	0.00039436341536901095	-0.0011543751884909746	0.00328304634203321	-0.0008093320426794914	0.009109824643912924	0.008640347187930279	-0.0025776142837418818	-0.00035046414750429956	-0.0020906827588060193	0.0016101904609839368
BRDT-2	7.299459138222909	3.128339630666961	7.299459138222909	8.342239015111895	2.0855597537779738	3.128339630666961	7.299459138222909	2.0855597537779738	5.213899384444935	4.1711195075559475	8.342239015111895	10.42779876888987	7.299459138222909	6.256679261333922	6.256679261333922	3.128339630666961	4.1711195075559475	1.0427798768889869	8.342239015111895	9.385018892000883	-0.006559541940856107	-0.0085326821501635	-0.007485994644780838	-0.004771535117270337	0.0014465436814845387	0.0066288437846350684	0.005458477248542785	0.008371227756021598	-0.004489278448900219	-0.002317677588931273	-0.0012760303471637136	-0.0008583844678953416	0.002746413091702097	0.0036154124999127017	-0.001710761160187266	0.0017818230473114355	0.0006107835947447479	-6.909008564430499e-05	0.002760280294822199	0.004336186281204103	-0.001448905767546666	-0.004701059243263441	-0.0011070686338289692	0.0005883532416582563	-0.0011915036979101607	0.004307698358048281	0.0014885788806552345	-0.0013826513964496224	0.002829842956748939	0.002239477748018873	0.0005875156482782835	0.001942871487484102	-0.0016101624720978084	-0.0012270700029267882	-0.0029655693871698022	-0.0020180450201825423	-0.0029412588878477085	-0.007452894154226275	-0.0030194521770081743	-0.002191455060884752	0.0034747512698025205	-0.007559225954970747	-0.0024800947310710656	-0.0018108442111061677	-0.004052336958282515	-0.006771398415616489	0.002777131944486029	-0.0011983477113500748	0.0035010635629891536	0.006212715108087415	-0.006680800715652183	-0.007142824866152848	0.004531961153130501	0.0036386810270144765	0.004855072896519844	-0.0010131046002910715	-0.010850092842208586	-0.0044191640563553194	-0.002459192252080705	0.004253915715983206
BRPF1A	5.841617662151729	7.788823549535638	5.841617662151729	8.762426493227593	0.9736029436919548	5.841617662151729	10.709632380611502	2.9208088310758646	0.9736029436919548	4.868014718459774	14.604044155379322	6.815220605843684	3.894411774767819	7.788823549535638	4.868014718459774	2.9208088310758646	5.841617662151729	0.0	4.868014718459774	5.841617662151729	-0.0019444001375023452	1.3964038265906884e-05	-0.006033718340665577	-0.00785200346959429	0.0017133192893199374	0.009779618830718585	0.0028298536438491075	0.0003496591183209395	-0.013319140533075573	-0.010961226536519934	0.0008194478798827112	0.00045025324636178	-0.001695320432267693	0.0008725229925249953	-0.0011876339584811673	-0.0021195438742014896	0.0019261305581749822	0.0027422032159000963	0.0056415446659675034	0.005882243493948391	-0.007630322169250537	-0.005610333505767575	0.005660652961316356	0.012750849504223852	0.0006346865553872993	0.0006944750548285377	-0.0003426664863973547	-0.0025555317461079872	-0.0015689282774702551	0.004318038373138472	0.003953292283933034	0.0062919677318168605	-0.004057870766914727	-0.0025866000379600024	0.0004741791217057766	-0.0052701115291145075	-0.0005149509112250338	0.005880933038989544	-0.005727539591861418	-0.0011447661574318707	-0.006180051753007427	-0.002689961732785704	0.007877241812880575	0.01223778931502484	-0.005957381322146898	-0.006135378562291046	0.009190658411195792	0.008113201514685378	0.006495106513557532	0.011596326335448963	-0.0007095946718485838	-0.008424912503345936	0.0002972231820429473	-0.00021211304121068202	0.008336884128465259	0.017982373799686202	-0.0009001857911140349	-0.002776192634704299	-0.007886136257491263	-0.005415067571761702
BRPF1B	5.979243232673169	7.972324310230891	5.979243232673169	7.972324310230891	0.9965405387788614	5.979243232673169	8.968864849009753	2.9896216163365845	0.9965405387788614	4.982702693894307	13.95156754290406	6.97578377145203	3.9861621551154456	7.972324310230891	4.982702693894307	2.9896216163365845	4.982702693894307	0.0	4.982702693894307	4.982702693894307	-0.0011831746845425378	0.0005841969270793867	-0.005587665847988036	-0.008048127095291874	0.0001934084904075241	0.007287841363038516	0.003956783130326918	0.0008262584285549344	-0.01368340984486234	-0.01125533674202603	-0.0005042017338402011	-0.0026289743248956122	-0.0014559269958507818	0.0018395294536920257	-0.00036554634530502336	-0.00011646310835365697	0.002299692790027191	0.0008178154282003566	0.005088368454669462	0.005362852465361316	-0.008315136570390904	-0.0069945627812077376	0.0052316915255859455	0.010498023382915016	-0.0003731066933423662	0.0013026511859920609	0.001389381271880045	-0.002583785257731462	-0.0030176586336899485	0.004360717355072347	0.004647606806960705	0.008070440981841114	-0.0015781330867537034	-0.00027105476423744867	-0.0004354703377513724	-0.00878001933383163	-0.0029875938166226373	0.0006952111139266042	-0.004582919591151413	-0.0007620442462711811	-0.00727285250730229	-0.005551846248268822	0.00556741215310284	0.009810710298841521	-0.0040284204522314255	-0.004218124403144757	0.012954473256971974	0.01397192396912866	0.010732092088721562	0.01456761210820132	-0.0016773739169245279	-0.010298049486297868	-0.001976705839053664	-0.0026551706044231687	0.005461558701802877	0.01625521704258804	-0.004142304190679824	-0.0030682228837437286	-0.008017514541481422	-0.011897112044262343
BRPF3	6.9760728916043115	9.965818416577589	4.9829092082887945	6.9760728916043115	0.9965818416577589	0.9965818416577589	10.962400258235347	1.9931636833155177	3.9863273666310355	4.9829092082887945	15.945309466524142	4.9829092082887945	4.9829092082887945	6.9760728916043115	4.9829092082887945	3.9863273666310355	5.979491049946553	0.0	2.9897455249732765	4.9829092082887945	-0.0007163381793650242	-0.0023275816750373186	-0.007892059145762466	-0.005073207936679472	-0.00020623833272032248	0.004486605616447316	0.00854249989817751	0.002752562516316399	-0.01158127648315009	-0.008860633029412075	-0.008668227432904197	-0.006492888055004266	0.002434345390161215	0.005030626068523794	0.0032272388166197452	-0.0012231777738695567	0.0009344299448381735	-0.0005645488150305802	0.003485269506597651	0.005419749670164789	-0.0028666576619637376	-0.0014216494652909948	-0.0017552760144840217	0.004738399378409094	0.0024375382884404525	0.0028882655346823775	0.005752577356940177	0.003707657333744327	-0.0008799124412309355	0.004857307472992004	0.0015588023349582512	0.004875038142760148	-0.0010625703767198527	0.004409102342729733	0.003413786079583467	-0.00196036539608875	-0.005690493708864269	-0.0004623795596221186	-0.005440404729118852	-0.0004296894682529801	-0.010802364991631865	-0.001036583124864745	0.0003364459044781778	0.002891912534194606	-0.0021713233747289377	-0.006523491819694496	0.0129744569476733	0.00860924144711585	0.0020823374269141686	0.008224247703944284	-0.004853724188279251	-0.008093583775207866	0.0069516503154984375	0.0028657143889774966	0.005293345417836983	0.010124285408991247	-0.003295128901481561	0.0002419798154411047	-0.011363321428382337	-0.008414163377068112
BRWD3-1	9.21031831065338	11.257055713020797	5.116843505918545	7.1635809082859625	3.070106103551127	2.046737402367418	7.1635809082859625	2.046737402367418	3.070106103551127	8.186949609469671	10.23368701183709	2.046737402367418	1.023368701183709	5.116843505918545	6.140212207102254	7.1635809082859625	5.116843505918545	1.023368701183709	5.116843505918545	9.21031831065338	7.191501560570143e-05	-0.0023120161645794964	-0.0073840968594195144	0.001537067614032539	0.008091352941814239	0.0018944045074637582	0.017732036567432122	0.011917336078665965	0.0007322727737709991	0.0007535321285317313	0.0007709910195200305	-0.002778462590021207	0.008037909103319725	0.004627435845115644	0.005768539593206252	0.005678366321311994	0.0016172846241127748	-0.002174872853087577	-0.0007712831979751036	-0.004073405998455338	-0.005356091906853734	-0.0033650531690557813	-0.008324585876027612	-0.0040198360117644485	-0.0026298588592000662	0.0024672297196485803	0.0023278135998940886	-0.008812081929488938	-0.003465674623063751	0.00324123243554212	-0.0059106976287695455	-0.0024798323141961296	-0.0004746696514390258	-0.005364021618672569	0.0050190525701591234	0.0032867609992626497	-0.01219256302872228	-0.010911067356162533	-0.004853343899147631	-7.54632871940415e-06	0.00018457469554745867	0.00020578801786071124	0.009134537440163605	0.013216798564801317	-0.007543455590273413	-0.00650526561121209	-0.00034743576200223594	-0.0042998756155174424	0.001700976635525527	0.0038399502939806566	-0.007038484394713414	0.0016040964781291738	-0.007121786870380682	9.153325505456356e-05	0.0010896402765889336	0.0034455348014486506	0.0020456179398256223	-0.0012468755696376057	-0.010537318865661248	-0.0031987228968253633
BRWD3-2	4.564646525945342	5.477575831134411	4.564646525945342	8.216363746701616	0.9129293051890685	7.303434441512548	12.781010272646958	3.651717220756274	1.825858610378137	6.390505136323479	10.042222357079753	8.216363746701616	1.825858610378137	4.564646525945342	6.390505136323479	16.43272749340323	3.651717220756274	0.9129293051890685	6.390505136323479	5.477575831134411	0.0024246845495190777	0.002863014323184099	-0.003958153799515688	-0.005856733800278939	0.0029797806009776756	0.0088954679795411	0.002878676060815602	0.008554345021472202	-0.01114724480289692	-0.00933119976339813	-0.006020255228763893	-0.0004607456999855896	0.007823074963041372	0.006236419001545665	-0.0006714260936399968	0.0010875972928928593	0.005960959979621852	0.009169068365683444	-0.0012152741882965193	0.005598722714909479	-0.0024179546558447612	-0.006579018136100943	0.0010026168127047284	0.005728336563726609	0.001743050609219762	0.008517223952180537	-0.005731708284712632	-0.004749980199120711	0.004023183482005082	0.004650393751757287	0.011448385151653882	0.018813260939665767	0.00040164309052564	0.0046482371644269525	0.002389495118119602	0.002607055848828498	0.007722080868638555	0.008245449128046435	-0.002368238324196636	0.004950889663071869	-0.008527867800569565	-0.0009828643728095835	-9.450958154696315e-05	0.009384954137333904	-0.003630359244434618	0.000336415163250251	0.0012820492375437461	-0.0022813666322564455	0.0024629415461744414	0.014384442749799699	0.0020015710982397594	0.005156902063485948	-0.007107941753730525	-0.01039039593032726	-0.001963523485894356	0.004520350964708649	-0.0010160819861227358	0.005954164157937886	-0.007411592875856019	-0.005861772665018863
CECR2	4.709936667775258	3.767949334220207	5.65192400133031	8.477886001995465	2.825962000665155	0.9419873335550517	7.535898668440414	2.825962000665155	2.825962000665155	2.825962000665155	5.65192400133031	10.36186066910557	7.535898668440414	5.65192400133031	4.709936667775258	6.5939113348853615	3.767949334220207	0.9419873335550517	6.5939113348853615	4.709936667775258	-0.0021507640297307967	0.0014293175648149032	-0.012224557778116974	-0.012786131431143799	0.00796111192979773	0.005080907236914289	0.0076390528679016415	0.006792413567503763	-0.010977137903949613	-0.011565863748051282	-0.0016516041578119025	0.0014334617320544162	0.00932908780061858	0.008678965666154387	0.0014140299279683647	-0.0021143431943082044	-0.0012593935750416633	-0.003664010447421775	0.005495134522495898	0.010943944975296242	0.0044022759938577155	0.005909500451532127	-0.004019632619679448	-0.002831047698730773	0.0022312242131092637	0.004027192247755314	0.0021815055820450504	0.0064060541271298175	0.0038294520368911296	0.0021796747754327882	0.005322269959872672	0.0031515490126801044	0.0046940328695706714	0.00789875106017717	0.0037605906380991567	0.0028807744438078308	-0.0036458267962668754	-0.005922406537615467	-0.004908371688649765	-0.003871682275240677	0.006931288897599559	0.010964838153838948	0.005825217483534768	0.007596676203572845	-0.0098416924741165	-0.009547454267046325	0.0017388424366499649	0.0013814452880826123	0.016872184851147706	0.012065093426800812	-0.001905044806738464	0.0051031136826367035	-0.010274537182180063	-0.004256022600375876	0.005763476175466273	0.0038462526886508296	0.0018256332424105171	-0.0006413979532697771	-0.016290798142828328	-0.010623949980609844
CREBBP	4.226605002354898	6.339907503532347	4.226605002354898	9.50986125529852	1.0566512505887244	9.50986125529852	8.453210004709796	2.113302501177449	0.0	5.283256252943622	12.679815007064693	7.396558754121071	4.226605002354898	6.339907503532347	10.566512505887244	4.226605002354898	4.226605002354898	3.1699537517661733	6.339907503532347	7.396558754121071	0.0012636999735147435	-0.0038783841625098926	-0.011053156643788578	-0.0050246919800648535	0.0032806568727960584	0.004456383444619174	0.0013962120350567847	0.0005400777849206244	-0.008677911906766377	-0.012378806466876502	0.0003375926606128363	0.001439098165685435	0.008046544177045437	0.013146646626477845	-0.005169348227602932	-0.003492731794318805	-0.0020954406086886135	-0.0020433947207062217	-0.00013634164193376412	0.003206839148116026	-0.0041180767248504314	-0.0035318232903186024	-0.008379818561696796	-0.008024953960081307	0.0017395518400078473	0.002954840825269969	-0.0006020993429272129	0.005572575844165967	-0.0030015761667117596	-0.0034676632217308053	-0.0015135403819326767	0.004769140623424214	0.0020390292521839655	0.005998836925237823	-0.003307733233967473	-0.0011145697720127174	-0.009846304769690459	-0.003239731607887858	-0.009457184156261983	-0.003225329951633543	0.005269389925406653	-0.002717149418026927	-0.0028378088384431715	-0.008869948414440419	-0.004732046550679309	-0.009903490462571576	0.00604572051151072	0.007025765394143634	0.003688955803285813	0.004287139817493836	-0.0035349371224246725	-0.006127006883415624	0.008232298502901369	0.007396506240764728	0.007477131614371018	0.003956248709326243	-0.003785515107453998	-0.006528224424788682	-0.0013715897768772829	-0.00302980301298139
EP300	3.1708164566091734	6.341632913218347	3.1708164566091734	9.51244936982752	1.0569388188697244	9.51244936982752	8.455510550957795	2.113877637739449	0.0	6.341632913218347	12.683265826436694	7.3985717320880715	4.227755275478898	5.284694094348622	10.569388188697245	6.341632913218347	4.227755275478898	3.1708164566091734	7.3985717320880715	6.341632913218347	0.0012712788516591514	-0.003589650773340387	-0.01037116658424214	-0.004956665129235752	0.003480768800136888	0.004435918175181649	0.002571089958886862	0.001065360985515002	-0.008585872585116784	-0.012625133436048451	0.0017484755133212913	0.00234768212911078	0.007828581450475797	0.012808794783114195	-0.005011250915517749	-0.003192941524450357	-0.0006148625967255614	-0.0014577599377916868	-0.0004820368817002001	0.0033034058241205914	-0.004111739886312446	-0.0037212836945828215	-0.008761948663286081	-0.007862809037553795	0.0024665880269967343	0.003303583226043129	0.0001509530810118304	0.005510966414245805	-0.0037403823020702074	-0.0036496397348441015	-0.0032450120112445234	0.004105667593676319	0.0012546915103951416	0.005489881615906819	-0.0049888918885136815	-0.0011989496145212001	-0.010823707971609664	-0.0033141846357225124	-0.008919979662847228	-0.0031917390351250685	0.004949270151862665	-0.002891480261568184	-0.0019750131523269846	-0.008918060586818818	-0.006018678401455514	-0.01050837766676877	0.005174948493329172	0.006765297977938906	0.0033278881163331694	0.004145033479116116	-0.003667699857745233	-0.00595052175806893	0.008538248297760865	0.007712791764398319	0.007226512816318874	0.004110839942009479	-0.00289439179206906	-0.006967609468629265	-0.0005040425169201545	-0.0033198538838167166
KAT2A	6.929552642505428	7.919488734291917	2.969808275359469	5.939616550718938	2.969808275359469	2.969808275359469	8.909424826078407	1.9798721835729793	0.9899360917864897	3.9597443671459587	11.879233101437876	9.899360917864897	1.9798721835729793	5.939616550718938	7.919488734291917	5.939616550718938	4.949680458932448	0.9899360917864897	7.919488734291917	4.949680458932448	-0.006755463920275977	-0.003016512040239521	-0.002345988202439787	-0.004316255453951245	-0.0029430741917408926	0.00581393446035256	-0.0012462460777087616	-0.009237580863746599	-0.005392833358780965	-0.004306776663383479	0.00649104090859371	0.0052856775675291625	0.009568554140708613	0.0075280761006125034	-0.0063422274607229726	-0.008058797146043316	0.008661380454079763	0.006271729493341132	-0.006741563788752775	0.002014094225428215	-0.0022611294305465166	-0.0034649919737918936	-0.012096177469631873	-0.004599761625157732	0.0007355124281769064	-0.0031536198641484384	0.0018683971524791861	0.0022771346220037043	0.00805544044939199	0.00824371149389031	-0.0048903240948825095	-0.0003137131343187509	0.0013343559680825574	0.009245693909273567	6.747673736675168e-05	-0.0025473198336631027	-0.007822530683540418	-0.0028089964406520958	0.011536835847064445	0.0064910274881583505	-0.002794281837253602	0.0008884826588742014	0.0006722990337148492	0.006079610250074291	0.0015819481079457623	-0.004362770067656649	0.00284623590170451	0.00045677425957856325	0.011167824866513692	0.003561549137188297	0.0022273914069279688	0.006426729510699675	0.0034809658637676147	-0.0022406490707003483	-0.00967243226140413	-0.004464288230620852	0.007653325540852773	0.00848889649389793	-0.013400276635341145	-0.005361616443666784
MLL	6.242562200751716	7.134356800859104	4.458973000536941	8.026151400966492	0.0	8.917946001073881	9.809740601181268	4.458973000536941	0.891794600107388	7.134356800859104	12.485124401503432	8.917946001073881	2.675383800322164	3.567178400429552	9.809740601181268	11.593329801396045	5.350767600644328	0.0	1.783589200214776	7.134356800859104	-0.001366612516010307	0.000894075159640593	-0.00659132338194265	0.0002608210705462255	-0.00089298106750295	0.004022712301525501	0.005008821383628511	0.006759596402700089	-0.003437998180699648	-0.0011637494762477333	-0.004212661801356674	0.0024296201337531903	0.0008465246274908477	0.00611648195410392	0.0008697178467487841	0.0007101796267826749	0.0063123598460183995	0.0073907761156596944	-0.004543299840205047	-0.002394956436417356	-0.00558033010708347	0.0022359706456206276	0.007424679164959	0.009068080203697225	0.004012814507273779	0.008253280199842504	0.000202151442360529	0.005309933458354615	0.0006527135935998779	0.005605940820844355	0.006657552381609529	0.007292452031665903	-0.0035683958016157155	0.001776842637893709	-0.00390359893873893	0.0005504947028512562	0.002512728738646211	0.0049464212609517085	0.0007890137484598326	0.004141101292857251	-0.0014516142718700785	0.0009992234041093831	-0.004110595483014746	-0.0006622919068156936	0.0027470739572364807	0.00926754970523847	-0.0022376878302848837	0.0013958307273591233	-0.00029621841896596175	0.0025953579841071347	-0.0002221233772424896	0.004431396522105412	-0.0010187236542795847	0.005050031444090416	0.004499172837750244	0.0052885065963978305	0.0014549833899955445	0.002162837869183347	-0.0003270499835557314	0.003241790628801815
PB1-1	5.651849033239858	6.593823872113168	5.651849033239858	9.419748388733097	2.825924516619929	6.593823872113168	7.5357987109864775	0.9419748388733097	0.9419748388733097	4.709874194366549	12.245672905353025	8.477773549859787	1.8839496777466194	3.7678993554932387	5.651849033239858	2.825924516619929	3.7678993554932387	0.9419748388733097	8.477773549859787	5.651849033239858	-0.003714098606505898	-0.006387794672028182	0.0056203709153008355	-0.0009994152224799063	0.00595820884819741	0.009895600891181742	0.007919231199652618	0.008472875686737198	-0.004252691598449522	-0.006666496764500248	-0.005718463349307855	-0.0051496074172292326	0.002786570292023362	0.011556530127466273	-0.0029516859367791286	-0.004515110654302079	-0.00492329358581336	-5.390187148384168e-05	-0.01232453790643136	-0.00950953891033027	0.00036763574595495574	0.003618067232965758	-0.006809639203517351	-0.006992636561852161	-0.003448925938130475	0.0011471589270224756	-0.0037278801752382894	0.0003105076222677774	0.00384901738262368	0.003796351229858202	0.001558799788569206	0.0027358311578546605	0.0009333784073838338	0.005088039556096204	0.004305926394486625	0.00727934229883609	0.005721961540838226	0.0005287966784434256	0.008436645495815822	0.0018932146225969268	0.0026760341962485533	0.0021139573973511256	0.009577495571309085	0.007164902522724191	-0.0021501631930851855	-0.006594369834871562	0.01087792328062256	0.006424546492711061	0.008934818849987149	0.013736127637803297	0.00254588425133628	0.0013398493297158219	-0.0038863429142441826	-0.002153149675683758	0.0016599292120545056	0.009540290467032126	-0.0008335231890374421	-0.002264460541229378	-0.013613077006130622	-0.0027058553957174008
PB1-2	10.896460468643932	1.9811746306625329	4.952936576656333	4.952936576656333	0.0	5.943523891987599	8.915285837981399	3.9623492613250657	1.9811746306625329	12.877635099306465	9.905873153312665	13.868222414637732	1.9811746306625329	2.9717619459937996	5.943523891987599	8.915285837981399	2.9717619459937996	0.0	6.934111207318866	3.9623492613250657	-0.005531956844521969	-0.0022936854391371842	-0.01616925597886602	-0.014113182265552695	0.0016420086179961622	-0.0020602301609687805	0.007347715830113222	0.007386351797138256	-0.004064242924517902	-0.0039472643862585545	-0.004441238092794624	-0.002964514408181915	0.009863946346472158	0.009483999703208486	-0.004021616814827557	0.0010793259486147524	-0.007413381477859957	-0.003896762802886347	0.0034912778620496787	0.0004903085222481763	0.005159053986356516	0.0003797616634051725	-0.0002897653224093708	0.004737791064788421	-0.007421825843871063	0.0037394824532460094	0.00767699057391241	0.007288456150313995	0.0058355322759054895	0.0034392863012435064	-0.011627891003205562	-0.007737685029684192	0.004348955023021043	0.0051979468313157725	0.0013481959750846267	-0.0005493145755699923	-0.0006613969233841491	0.0010003676985720939	-0.008730339873294118	-0.00388490399473783	0.003751564694917434	0.00305258896958037	0.007171970252748573	0.006442781708404938	-0.007833605769346007	-0.004454607010813832	-0.0006032766186627667	0.0036206896217886786	0.006077020483171371	0.005691665739218966	0.003928745232794717	0.004254892633244662	0.0021018021914253277	0.006927908212578874	-0.0014789397048677229	0.0032669032876740736	0.0018884267720049026	-0.003712155264603944	-0.0044131472484870106	-0.005384843976514242
PB1-3	4.774130799694803	5.728956959633764	7.638609279511686	4.774130799694803	1.9096523198779214	10.503087759328567	5.728956959633764	0.9548261599389607	1.9096523198779214	4.774130799694803	11.457913919267527	11.457913919267527	3.819304639755843	3.819304639755843	5.728956959633764	4.774130799694803	2.864478479816882	0.0	8.593435439450646	4.774130799694803	-0.0038729106410091787	-0.0041172753368932105	-0.0014897143925767557	-0.0006958063587195687	0.0074389594997855794	0.008349670085386805	0.0018453922235456876	-0.0017444058677394273	-0.0024463440776456603	-0.005936423432080036	0.0034073760888971997	0.0010114400072311273	-0.0020781224121533626	-0.0023085165724520545	-0.007064520081478164	-0.0003276715579825445	0.0018242086331946023	0.000995041330978883	-0.0052064328280208485	0.0015297977273435522	0.0006458553266518519	0.0032063899112503872	-0.0016236348105361743	-0.0005649458419215287	-0.0023839908217427076	-0.0010582749217468172	0.0003011422744492048	0.003517707245316086	0.0006913578940859546	0.0002511894673667303	-0.008645486709919598	-0.006264580608604411	0.009241885689021448	0.0043538578171321615	0.002755004553654188	0.0030060659397304628	0.00625503073476127	0.0005458110758062764	0.000646360304272246	0.0006702958918104429	0.0019291753464627894	0.0018674961008005	0.010111391875411529	0.009407552818016472	0.002220804707716229	-0.0015477182456023536	0.009688852771898708	0.008872216486633243	0.009250749425520965	0.00963763693740433	0.007504487431530664	0.0018608101652882118	-0.007531279877493394	-0.007903258089535882	0.008463033380838585	0.005413003550715396	-0.0006934514819486756	-0.004795475494013246	-0.014845859802951802	-0.008397110394102977
PB1-4	3.4775158879222903	7.824410747825153	6.085652803864008	6.085652803864008	0.8693789719805726	1.7387579439611451	10.43254766376687	5.216273831883435	2.6081369159417176	7.824410747825153	9.563168691786299	12.171305607728016	5.216273831883435	2.6081369159417176	4.3468948599028625	2.6081369159417176	0.0	0.0	5.216273831883435	3.4775158879222903	0.003914554337464649	0.006377961213966958	0.00028673366590553135	-0.002270323565380825	0.005652388342310105	0.006306822537453027	-0.0005013061029580157	0.006666265906758116	-0.0029602218293435017	0.005806037621428302	-0.0034869073596908847	-0.002075201682892739	0.0046773278145428145	0.007113420251602591	-0.009133669318838283	-0.00037236959801496383	-0.009792786806988437	-0.004251516468064514	-0.00391505408132893	-0.000654212607926192	-0.007985455750236778	-0.00510626236251421	0.00831900925898636	0.015113384139427262	0.0008377746426183551	0.007806349447874756	-0.003433640108066957	0.0024283146224290666	0.0001996748843372177	0.004670714107602171	-0.0009442564794217857	0.004895314170977603	0.00545638987360197	0.007130715153571898	0.0003423573230471971	0.0038231220270429447	0.01618072483670865	0.01790339980102312	0.009324430626396768	0.012966014136394376	0.005511209565087332	0.0028375052746399724	0.0012549649593252543	0.001786924070624653	-0.003223559553920294	-0.00582799453956714	0.011280358354611183	0.007099064238376408	0.0072533146526788505	0.009735266258949596	0.00145242452639285	0.001351288296139314	-0.004157244028419327	-0.00018275545478239368	-0.0051246285681058375	0.0048548174348173045	-0.0031274311243216124	0.0008672756944707427	-0.0067659157333702985	-0.0035698729260039614
PB1-5	4.732810190585472	7.572496304936754	5.679372228702566	7.572496304936754	0.9465620381170943	2.839686114351283	8.519058343053848	1.8931240762341885	1.8931240762341885	4.732810190585472	11.358744457405132	10.412182419288037	8.519058343053848	2.839686114351283	4.732810190585472	6.62593426681966	4.732810190585472	0.0	7.572496304936754	5.679372228702566	0.004944856530309543	0.0025325714786173736	-0.002331308438755794	-0.0022831293338489334	0.0004989946640042617	0.0062055679893318815	-0.0011959293345015587	0.0005865405719568118	-0.0070609709088409155	-0.006655273296752967	0.0012484638545090891	0.005290796401290619	0.005052047577612931	0.004883025242749666	-0.003454582858058925	-0.007389188548631352	-0.006841278818053135	-0.005370812731295402	-0.005677339640193977	-0.001511669179472544	0.003621520466267454	-0.00018714764147893185	0.0023471529248583556	0.0038348391078174737	0.0001094560946462577	0.004716858684116005	0.0022655727949584597	0.00542172122656772	0.011240829165758526	0.011091262776471834	0.005134340782068802	0.006829702612605369	-0.0023473366090331553	0.002131578691640678	-0.0017444051253170181	0.0025299290570937123	-6.178283467337755e-05	0.002709067976790858	0.005864574224608421	0.0009865234626865087	-0.00042063141280649746	0.002213504872491239	0.0002216076086739312	0.00355322531817448	-0.0026446394073063348	-0.0087274588784802	-0.00358070922118613	-0.005286891793526079	0.004219591085806903	0.013726414837268547	0.00517143151890779	-0.0021448314586490803	0.006695824444236539	0.00505982646512893	-0.00110671299933497	0.006082507874895436	0.0006966814514210717	-0.0063739225775703	-0.0038247868615640807	-0.00805770804410604
PB1-6	3.4471151632698716	8.61778790817468	6.032451535722275	7.756009117357212	1.7235575816349358	4.30889395408734	9.479566698992148	0.8617787908174679	2.585336372452404	6.894230326539743	9.479566698992148	3.4471151632698716	2.585336372452404	6.032451535722275	4.30889395408734	4.30889395408734	2.585336372452404	0.0	2.585336372452404	5.170672744904808	0.0031692631689989184	0.0011096013639086918	0.00031945631640400074	-0.004515052492944678	0.007759957642107175	0.009281734793553285	0.006127259555034844	0.00958756885197748	0.003688019249929234	-0.0016007400247900713	-0.0012068569379000231	0.00025209206393634606	0.005926640706376987	0.00833670990624246	-0.004021713744536272	0.00043932072809840485	-0.005831911388434041	-0.002904035243857742	0.00485920901146857	0.00514710553352242	-0.004583250888891055	0.007398016553268774	-0.0111317725086652	-0.005388369566977362	-0.011499239856485901	-0.006722313711259995	0.007792651642926267	0.013103437348188323	0.004463500394173085	0.006146064114290941	-0.010982008988967146	-0.004587572007859998	0.007915417617565841	0.0047996247650116805	0.007812699459195374	0.008024969924487563	0.0003735378286464687	-0.00385696598092089	0.009317632368625954	-0.00021293692125923033	0.0015421428646174315	0.006740432386951946	0.0017289291883455943	0.005845654404573131	0.006281463239843924	0.005964669590415222	0.008807245316741924	0.0015286604589981208	0.01008079247338691	0.015529241003733924	-0.0003406099894318794	-0.0004899645037363358	0.0002886564620347948	0.0035062859372508534	0.00021620281482750826	0.0049444615134373255	0.0007296439977307331	0.004537878726315476	-0.002490036108511351	-0.0008372912391827953
PCAF	4.933331017318151	5.919997220781781	3.946664813854521	3.946664813854521	1.9733324069272604	4.933331017318151	9.866662034636303	1.9733324069272604	0.9866662034636302	3.946664813854521	8.879995831172671	11.839994441563562	3.946664813854521	6.906663424245411	7.893329627709042	7.893329627709042	3.946664813854521	0.9866662034636302	7.893329627709042	4.933331017318151	-0.0029143404970259994	-0.0006978701389429009	-0.007628786062230364	-0.006034271471849603	0.001972265501474077	0.004244040186235658	0.004357200905633515	-0.006269289621172347	-0.005665808828876696	-0.0037190135655683007	7.263376202614433e-06	0.0043415813545911895	0.005379205579935049	0.00671445666055781	-0.006519318121833426	-0.008923343196643636	0.0032784620461561004	0.005512472296906904	-0.004995809865099529	-0.0007750434552860278	0.005139084172877007	0.0007120189332598768	-0.010514922655929237	-0.006029194019368377	-0.0001570505445036651	-0.0020285268299958994	0.006794126526372556	0.004127274528620492	0.004988734254465137	0.007250084675448543	-0.005428115962842188	-0.0015528694091313266	0.004427269579076366	0.009066982452234479	0.0013076820885112275	-0.0006764900988698589	-0.007692785210286834	-0.004306189680326262	0.009026917823786645	0.006457308287263306	-0.004244999173528152	-0.0013796257488336795	0.0026068621287627805	0.008861864626273048	-0.000885079105998386	-0.0020987655434585887	0.003933293863989927	0.0005457540459640502	0.0074731752453809286	0.002283708167852047	-0.0017861925570393355	0.003012532238382816	-0.0010304496703599424	-0.003678847968955442	-7.241394277035642e-05	0.0008066557400949148	0.007629149614055371	0.008362610941313034	-0.013192196415539738	-0.006388631943041635
PHIP-1	7.20460842580904	8.233838200924616	5.146148875577886	5.146148875577886	2.058459550231154	3.0876893253467315	7.20460842580904	2.058459550231154	2.058459550231154	7.20460842580904	9.263067976040194	4.116919100462308	3.0876893253467315	5.146148875577886	6.175378650693463	6.175378650693463	8.233838200924616	1.029229775115577	5.146148875577886	9.263067976040194	-0.0010625808712220947	-0.003559231640509133	-0.0027956401668111255	0.0019074647976111785	0.00984081234092835	0.0036252837314630225	0.014197608935407785	0.008733666921185426	-0.003927952997100506	-0.00011126539869576461	-0.0010247741009016729	-0.00500290566628429	0.013693893235930673	0.010457288837288001	0.0018295166140960312	0.0004386770002776348	-0.004736714994398942	-0.0017835202562355881	-0.0007432720533073337	-0.00546834536039614	-0.002064578053075173	-0.001878518300619322	-0.005170451582616781	-0.004564282589471029	0.0004269456063689425	0.005698988131719424	0.007822316341233634	-0.006174563489286321	0.0012598703190161453	0.002803186508867549	-0.006009617818944807	-0.0031563386997791568	0.0027903947676923262	-0.0027428000382003106	0.005770392845963712	0.0035657297736175902	-0.012176998199184826	-0.010850518066719567	-0.0026319180715672877	1.416209559078254e-05	0.003856364392970079	0.0009547240009822048	-0.0019568186564048132	0.0045743131682706465	-0.012528902845717426	-0.010079688211769359	0.002268921252379105	-0.0022063248768128	0.007676344816278467	0.008228077333699384	-0.014907036024188426	-0.0037671455318550036	-0.005597589916961525	0.002131683246743096	0.0029039704787296233	0.002298814138717821	0.0007035893664360622	-0.0020862854583442655	-0.012387768349132203	-0.006548427828528792
PHIP-2	5.014895602518182	7.020853843525455	3.008937361510909	7.020853843525455	3.008937361510909	4.011916482014546	11.032770325540001	1.0029791205036365	1.0029791205036365	7.020853843525455	11.032770325540001	5.014895602518182	3.008937361510909	6.017874723021818	6.017874723021818	12.035749446043637	4.011916482014546	1.0029791205036365	5.014895602518182	4.011916482014546	-0.004327790245139277	-0.0038951568895646046	-0.002953679061215467	-0.008153389196971726	0.0004146020292880883	0.010094142966478894	-0.0021986994501426013	-0.0004811531749670626	-0.012189230923372789	-0.0149131473983572	-0.005721101400899276	0.001203993650700061	0.009212221913770675	0.005062605670340812	-0.0010830289555746064	-0.004742480144318033	0.006661098448299119	0.008402579628099649	-0.0025174403245990574	0.00805488521924727	-0.012746160213691977	-0.016642649089001708	0.000643017591734361	0.003675973170091704	0.0006529982788288284	0.010615264591089276	-0.008913966480089056	-0.004729685357064609	0.007163376310346394	0.007305911955191831	0.020278976354216986	0.024264817363718136	-0.0013872420952176722	-0.0011638152435919336	0.0013877026517388718	0.0024170922816661115	0.0050319782502296845	0.008197913567373085	-0.0097502521262895	-0.008839320549026603	-0.015004651993264211	-0.01342420918584083	-0.006422161774357328	0.013087600329954402	-0.0007455439472185405	-0.0009467859038245388	0.0032295352824997796	-0.002968448718260471	0.012535613887701915	0.013603855818202334	0.0006299184609774511	0.004756462082480136	-0.012856581154581088	-0.014329628429743814	0.0023574588968944673	0.0041510093616014205	0.0016335455264190738	0.01043118345781039	-0.007464598735584245	-0.00862445733885777
PRKCBP1	8.315125526908108	0.0	5.196953454317567	4.157562763454054	4.157562763454054	6.23634414518108	9.354516217771621	4.157562763454054	5.196953454317567	10.393906908635135	10.393906908635135	12.47268829036216	5.196953454317567	4.157562763454054	5.196953454317567	1.0393906908635135	6.23634414518108	1.0393906908635135	5.196953454317567	4.157562763454054	-0.0010433395042967308	-0.005579271022036726	-0.0071247541942836695	-0.0017920922846888928	0.0010662357935598947	-0.0003842012758012833	0.0032371999931785473	-0.0033474778380786284	0.0005039900381501461	0.009925483558063539	-0.003676537705197005	-0.002491989260091622	0.005097542382701858	0.009852286488684817	-0.0025769406509951126	-0.005770440668043122	-0.010323153215570209	-0.007766105225566373	-0.003441371483955868	-0.004304269624919248	0.00216097071501776	-0.0024257830809742724	0.005088251455316088	0.009802653877923872	-0.0025867487616534827	0.0005465972024886179	-0.005204721556406724	-0.005775976760545863	-0.002325240648109946	-0.005383614447320049	-0.00014295119336309685	0.002027993395532265	0.006766315955133865	0.0057834705151247594	0.00013615494714235577	0.0002600405610715179	0.00031281932368575847	-0.0009889963560253967	-0.0007125413671225895	-0.0038723543995695378	-0.0036018960782353052	-0.0035406396847106002	-0.0034242240186128994	-0.006592113886701375	0.0013809874028207596	0.0018419975832386787	-0.0004582947895422076	-0.0014555969678068878	0.0024119904165307332	0.003951813491557151	-0.013111263550440243	-0.019151166443751273	-0.0022895193210851743	-0.010499881852934479	0.012440778228844429	0.015197614096216101	0.005264081666629396	0.0009331204809315576	0.002526961349358305	0.005257427336019694
SMARCA2A	3.650244613877493	7.300489227754986	7.300489227754986	5.475366920816239	1.8251223069387466	7.300489227754986	10.038172688163106	3.650244613877493	1.8251223069387466	10.038172688163106	10.950733841632479	12.775856148571226	1.8251223069387466	3.650244613877493	5.475366920816239	10.038172688163106	2.7376834604081197	0.0	4.562805767346866	7.300489227754986	-0.002483237796978402	-0.00020896514013384558	-0.0010111200878124592	-0.002004169626004229	-0.0008656476934422494	0.007453098032471419	0.00800599739880603	0.0039742808900105455	-0.002837854576962279	-0.0031939570357385244	-0.003356675177560001	0.0067664249737223	0.004573694503373897	0.005703295449680984	-0.00282871157439844	-0.0019098090684673823	-0.0016101184387408449	0.0031457274617467815	-0.003027392403983865	0.005206080277366186	0.004146622195301995	-0.002697637528499098	0.0068759744512924825	0.007013872929014491	0.005802979580429468	0.008207674895436211	-0.002160009671590449	0.0003868050968095059	-0.004446471922962622	0.0022325703620911944	0.004124118381539777	0.011301907697637694	0.003530610989074341	0.005993652531029279	-0.001291757038037515	0.0012804868013520513	-0.0022088738388922617	0.002926435942992144	0.0007255303034700007	0.006103969690407723	0.001828751780584296	0.003973948305890604	0.0048400217076843485	0.006478617757177124	-0.0008243061762557004	-0.0014603405235692217	0.009006549605761433	0.002336125774967117	0.005377215889776862	0.0073278855539148985	-0.00528834703183389	-0.0040748358598386505	-0.007286600333901157	-0.0062066764619030535	-0.004442983468191902	-3.281472416552678e-05	0.010139974138279493	0.0033145462971750023	-0.013427907023576196	-0.0014793808922010988
SMARCA2B	3.6751686858075105	6.431545200163144	4.593960857259389	5.512753028711266	0.9187921714518776	6.431545200163144	7.350337371615021	2.756376514355633	1.8375843429037553	9.187921714518778	10.106713885970654	11.944298228874409	1.8375843429037553	3.6751686858075105	4.593960857259389	8.2691295430669	2.756376514355633	0.0	4.593960857259389	5.512753028711266	-0.0008106624962399751	0.0005977280757776368	-0.004522184941679834	-0.004165117918486133	0.0015511414972266277	0.01039316544601385	0.006582173000462383	0.004226339606089148	0.0006015017536022903	-0.004582285034521944	-0.005517783562796576	0.0024319700245006	0.007931752954259531	0.00767491224475426	-0.0057401430698059966	-0.0031386895206202596	-0.003013181666541471	0.0036780268486558934	-0.002339310710267053	0.004356265997874927	0.005028456075716655	-0.003940243400783752	0.003288771661268685	0.005780469421682343	0.0029637307376890825	0.0074324036547764386	-0.0014652468530744248	0.0023922912126098502	6.50097928740616e-05	0.004278860106522912	0.0022244330009216387	0.011361730483806134	0.004036332909370266	0.005533525513459649	0.005479042900459278	0.005239972580012159	0.0022662058838484934	0.0031363162395707258	-0.006724733923344833	-0.001708925463906669	0.003001940575133432	0.006848763686521098	0.005681478782638068	0.008908500760802936	-0.005159056214033705	-0.007691119763085365	0.006761991607365678	0.006281804497182066	0.000544605563927566	0.008405207453880868	-0.006410154114675116	-0.010456359703150507	-0.004421645021951262	-0.004603417871327906	-0.00014315633627229806	0.003092865022826884	0.009452092013136569	-0.0003804189588253744	-0.006375028646489126	-0.004995085847218906
SMARCA4	1.7769601611099783	6.2193605638849245	4.442400402774946	5.330880483329935	0.8884800805549892	5.330880483329935	7.996320724994903	1.7769601611099783	0.8884800805549892	7.996320724994903	10.66176096665987	13.327201208324839	1.7769601611099783	3.5539203222199567	4.442400402774946	8.884800805549892	2.6654402416649674	0.0	4.442400402774946	7.107840644439913	0.00018241266476718123	0.001954209267983136	-0.003277849605058248	-0.0015571730763476368	0.002568831556171135	0.009755960142671721	0.008365891003560678	0.006914942345504232	-0.003864299348854858	-0.007573885268777737	-0.002295382161533685	0.006011213797931353	0.010565848994443584	0.008927015963182254	-0.004114185068761831	-0.004275220504019735	-0.0028148094601099347	0.0033428025335980297	-0.0010639986741529548	0.00725635460723911	0.0042830792305823375	-0.003299962911465694	0.00960671367785231	0.010177613724945172	0.00202703940823647	0.008699707917061776	-0.001398772486297327	0.0001463764611576127	0.00010581703865838897	0.0038232410053528594	0.006152781711423256	0.014697980303293296	0.0006770772492341706	0.0030912738702449562	-0.0018579931906064812	0.0003652097684035476	0.005397281961745104	0.007652949068271661	0.003841212814688362	0.004716997503520773	-0.003737110505640282	-0.0019139442832783755	0.0018415460456265907	0.009644249108355424	-0.006536045451695758	-0.0026556404623860534	0.006326854518047924	0.0010851525683402482	-0.0017995432594337447	0.006366392987488403	-0.0022600678634428165	-0.00425260246597727	-0.006159267158984488	-0.008586427680183839	0.002653726152632253	0.006711260868312363	0.007616882467518778	0.008426830463326096	-0.010108498642169223	-0.005058131797183731
SP140	5.165596566858121	5.165596566858121	3.099357940114873	3.099357940114873	5.165596566858121	6.198715880229746	12.397431760459492	5.165596566858121	2.0662386267432487	4.132477253486497	9.298073820344618	11.364312447087867	3.099357940114873	10.331193133716242	4.132477253486497	4.132477253486497	0.0	1.0331193133716243	8.264954506972995	4.132477253486497	-0.007598634832910869	-0.0009548570868934129	-0.0017925643764935121	-0.002340395899165609	-0.00568435228653337	-0.010273388797916741	0.010685441528709556	0.004920502944119816	-0.012406727341032464	-0.0012524384624030295	-0.0003863462162716033	0.0009604222337946049	0.010728163504686975	0.01080744191786248	-0.0024348230568042193	0.0012401377903480072	-0.004479183039112731	-0.004785499454026633	0.0013708050819774011	-0.006434658589881812	-0.00884205435192916	-0.007389427665329805	-0.002336391817008534	0.0002714209087464874	-0.0017620598473862136	0.0027675674955681406	0.011314817524769379	0.014874033402135091	-0.0026037105447376625	0.0028111427204309002	0.0030739945027767803	0.007621697187227727	0.007055467209230099	0.0006659653813856975	0.00254285210108194	-0.0027364320159873035	-0.007021800685337734	-0.0050629153021788656	-0.006420933490332328	-0.004007458776239734	0.011642962692008315	0.012345447551938558	-0.0003240740189860276	-0.009251923554278788	-0.009550036308970757	-0.007392751857292186	0.002304015350038094	-0.011962021087618213	0.0030775556552724813	0.0019260496258505448	-0.00025811781599851825	-0.003641925899112366	-0.005539829295168505	0.0037344472029493315	0.01126359467633496	0.010632253503119662	-0.012921072395761448	-0.009463628456251438	-0.0030598149247971934	-0.001385263513838549
TAF1-1	1.8322035873608358	7.328814349443343	5.496610762082507	7.328814349443343	0.9161017936804179	2.7483053810412534	8.24491614312376	0.9161017936804179	2.7483053810412534	6.4127125557629245	10.993221524165014	8.24491614312376	3.6644071747216715	1.8322035873608358	6.4127125557629245	7.328814349443343	7.328814349443343	0.0	4.580508968402089	5.496610762082507	-0.0008440260677044693	0.005959672065048664	-0.003086537709017624	-0.0035115694410583612	-0.0021251900197167464	0.00770286171165449	0.013517265161121573	0.013433973660777563	-1.9155939854051568e-05	-0.0013838739922465155	-0.0017636271617688382	-0.0011304194878964302	0.00610902320711188	0.010905625758564437	0.0013866672261200268	0.002883640922495975	0.0017392109150008688	-0.003419308595421185	-0.006310565436515268	0.0026526369313705626	0.002952345217531946	0.005488096563846121	0.0006120719902963447	0.0019031819379063918	0.005136563230537943	-0.0017523533788354145	-0.002586100215662013	0.0014002703835742172	-0.004421089469105111	0.001537813173864381	-0.0009517353588931786	-0.002366575127214103	0.004991292983952886	0.007965579401982234	0.0028072231415866736	0.005559528787091089	0.004938523950110016	0.0012246040098174262	0.002177092863236558	0.004039456505178891	0.007174538287776518	0.012615386312261312	-0.0013478838155522638	0.0003498094307940889	-0.0017771111776895298	-0.00943376749689521	-0.000608022245207708	0.002610285254569681	0.010244600167845746	0.0062804954619759415	-0.005658574885696535	-0.005497147698747127	-0.005323973382140547	-0.010077238548353795	0.004985993437581906	0.01258272098578876	0.001754888173283359	0.001020891777769148	-0.010524981539058632	-0.008824796479592879
TAF1-2	4.043673191932953	2.0218365959664766	8.087346383865906	11.120101277815621	1.0109182979832383	6.06550978789943	6.06550978789943	1.0109182979832383	3.032754893949715	7.076428085882668	6.06550978789943	9.098264681849145	3.032754893949715	5.0545914899161914	6.06550978789943	7.076428085882668	6.06550978789943	1.0109182979832383	7.076428085882668	11.120101277815621	0.00478232914719113	0.002723987891374017	-0.006854340150757859	-0.0057406710388996085	-0.0040131681392781855	-0.0017920808427354146	0.004258124290974546	0.003792462174523897	0.007413969655867232	0.004005861558166948	-0.0015336474100812513	-0.0020102558790722497	0.00192926317809115	0.0014051563888546476	-0.00032219999536160066	-0.006256711431806696	-0.006084910711119833	-0.00812308622794552	-0.004045770466538331	0.0027073900814707495	-0.00470486129811374	-0.0014580227880307507	0.003339930992556105	0.007968476717515353	-0.00512339085528084	-0.009107915228035812	-0.006757810908545296	-0.0026808254042557473	-0.003942069398520704	0.005964929013780076	0.0043288708265841426	0.005879233194531565	0.006986221925195018	0.005445027119443056	-0.005316841075695921	-0.004410213078565386	-0.0056786222294669	-0.006019717876695322	-0.005353787289301867	0.0018863721931248463	0.005280507546741864	0.0058716132987512324	0.004664306784164479	0.008939436767781169	-0.002390653207767672	-0.006876092221621186	0.00304124624410207	0.0020553298337234963	0.005451911991484988	0.002574109147763867	-0.005061759839667226	-0.007176893071153178	0.004698120863905304	0.0047375992910744825	-0.004741328460507142	-0.004943186190763697	0.0019897625023994935	-0.006676013145317029	0.0070040454968372315	0.0031529517596895766
TAF1L-1	1.8772620288657558	6.570417101030145	5.631786086597267	7.509048115463023	1.8772620288657558	2.8158930432986335	8.447679129895901	0.9386310144328779	3.7545240577315115	6.570417101030145	11.263572173194534	8.447679129895901	3.7545240577315115	1.8772620288657558	6.570417101030145	7.509048115463023	7.509048115463023	0.0	3.7545240577315115	5.631786086597267	-0.0014537521386624333	0.005308282964125225	-0.0062442839934784364	-0.004580213668408961	-0.0005134501162956818	0.008414600921680422	0.012261624489916618	0.012887746919425288	-0.004157271515587508	-0.003922801838998963	-0.005772627605193202	-0.004036808365465452	0.006741288672198488	0.010164291596578551	0.0030843514078182704	0.00495428455817667	-0.002185183453622209	-0.004567771918785611	-0.006825804305008111	0.0011446294466252393	0.00035726493744013245	0.003326566624331036	0.003634753291239246	0.004339957251228389	0.004920005068866586	-0.0020933844227861227	-0.005259598370349387	-0.00040680210483343105	-0.0031269094622301437	0.0016428389685642902	0.003300832540809386	0.0001826401666992407	0.004506770709476089	0.006937904520580427	-0.001490432413078762	0.002733920501781274	0.005220108302760787	0.0020860910453934897	0.004140176555966183	0.006078694568884614	0.005564637287918068	0.010852823226885317	-0.003652490645914109	-0.000573935054749176	-0.0006518796143414825	-0.007332747510447507	0.001547378321462393	0.0028460178497078056	0.009519357207427782	0.005294769853727715	-0.007255800952177732	-0.007567786535300932	-0.007882224413287684	-0.010873298772145516	0.007676096853045048	0.014351165943379793	0.004155570189323396	0.0029230801456383063	-0.010638172598323017	-0.00866610555248785
TAF1L-2	4.042257153443246	2.021128576721623	8.084514306886492	11.116207171968927	1.0105642883608115	6.063385730164869	6.063385730164869	1.0105642883608115	3.0316928650824346	9.095078595247303	5.052821441804057	9.095078595247303	3.0316928650824346	5.052821441804057	6.063385730164869	7.0739500185256805	6.063385730164869	1.0105642883608115	7.0739500185256805	10.105642883608114	0.004551502493742549	0.0026902541463595655	-0.007134355916992735	-0.005662794879503564	-0.0036617592321218535	-0.0018409386250946322	0.004505724053951783	0.003808867809971371	0.007828046174796393	0.004101624757416272	-0.0025211079723884465	-0.002114275004345255	0.0011913733387288261	0.0011387126587143427	0.000109031774478834	-0.006074308725220476	-0.005887108396745596	-0.008209605775223098	-0.004420240996969379	0.0026032697417046106	-0.004490044508013736	-0.0014755576772155965	0.0038191868432565943	0.008118771031176596	-0.005945993743637429	-0.009433800605671512	-0.0072857874879824185	-0.0027792114301649577	-0.004464067816500877	0.005874553552415681	0.0046088107350036765	0.005986397793663148	0.006285500892457646	0.005326704981350105	-0.005574791000002795	-0.004534148023819079	-0.005449285292268927	-0.0059284385286367935	-0.004483970851676956	0.002026893850295529	0.005063180978536077	0.00586883160898371	0.005309679055745021	0.009044823704454317	-0.0027526340596317317	-0.006848036802610452	0.003433947669320625	0.0020505221726417693	0.005516611309449137	0.002663609005643916	-0.0048283897813866045	-0.007137566755761906	0.005863542408318987	0.004972013956424608	-0.004260762998083765	-0.0049492423344058	0.0017549343256519309	-0.006897685512655978	0.007228008472755613	0.003136691076511647
TRIM24	5.141827749341105	4.113462199472884	6.170193299209326	8.226924398945767	3.085096649604663	3.085096649604663	10.28365549868221	1.028365549868221	1.028365549868221	6.170193299209326	13.368752148286873	9.255289948813989	3.085096649604663	7.198558849077547	8.226924398945767	5.141827749341105	3.085096649604663	0.0	7.198558849077547	4.113462199472884	0.00039652548060283466	0.0005968291792242699	-0.0047175244205352905	-0.0033655348105030053	-0.0013564590409752084	0.004170505529353313	0.0063163230087076045	0.006834884925936322	-0.009069691475318479	-0.007097637065870936	-0.0023894334603575826	-0.0034836411418032055	0.0030531838472338834	0.007094411925785725	-0.0050376815176136356	-0.004492024209745266	-0.0023376742617999785	-0.003264214844353519	0.007492643939180754	0.0023032803245146925	0.0006710487582799851	-0.0006873974378605306	-0.009229929546987311	-0.01013365386843015	0.001806539140679595	0.006877377627702306	0.00582455026639971	0.01019766772802592	0.0025716020431604796	0.0023484591496785645	-0.010596360027450508	-0.008850419469454963	0.003011232651350758	0.013658699108667337	-0.005670878366227926	-0.00378191381849219	0.002176665809048683	-0.005937534310484284	0.004168466514186944	0.005014803250032718	0.0014399177908806645	0.009643728017278353	-0.011513884956014103	-0.008529687307985017	-0.014320717486838587	-0.0071903973762058645	0.013454312606216294	0.015381335705620247	-0.003229019242220674	-0.011046054940708578	-0.008246691495841178	-0.009002241538842578	2.0220200749836042e-05	0.00031806404435003147	0.004523872280190158	0.008282906521043057	-0.008192393925497126	-0.007182881516694374	0.003245520793040204	0.008692444845769847
TRIM28	6.888525492930186	7.872600563348785	2.952225211255794	5.904450422511588	2.952225211255794	8.856675633767383	6.888525492930186	4.92037535209299	1.9681501408371962	2.952225211255794	12.792975915441774	4.92037535209299	1.9681501408371962	7.872600563348785	6.888525492930186	6.888525492930186	5.904450422511588	0.0	0.9840750704185981	2.952225211255794	-0.00366439997963029	-0.002149076678253632	-0.0059156261661743766	-0.004987486766568242	0.0036234222462652827	0.007702420013936591	0.0074236656930579	0.006633948490473194	-0.006643286569350191	-0.00679261990126498	-0.007558564736281514	-0.005286306208283942	-5.001915026930374e-05	0.00028096982062146705	-0.0074566091054046576	-0.003115129788523956	-0.007825428204196395	-0.005953329530213378	-0.00701600537794361	0.002392427391320935	0.0035530392739821716	0.002980344054247009	0.0033854251264213665	0.00014948777785481283	-0.0006962048236847427	0.0024366206799791915	0.007426839202037161	0.012301240686721714	-0.0042440902382661514	-0.004283314213282258	0.009132695762825003	0.0027977995324784855	-0.00043938357837229255	0.007651290520443018	-0.0011883337518525862	0.00219919716373256	0.001914332407578099	-0.0020458909588998873	0.0034777660162160482	0.00684273465084676	-0.0028131630201144774	0.00471737855994375	-0.004743429451479379	-0.00779057792816155	0.0026422184752310776	-0.0016813176016722442	0.0032949777431455166	0.0055960777791012545	-0.0058731841178952604	-0.0014382869428264551	0.003557064746286295	-0.0034469290335757954	0.001727561449962347	8.062402102710851e-05	0.004536937852016918	0.00786066284739319	-0.009741709558533571	-0.0009518192296618884	0.00812295208562861	0.005274330121264123
TRIM33A	7.905824151781354	3.952912075890677	3.952912075890677	7.905824151781354	2.9646840569180077	7.905824151781354	9.882280189726693	0.9882280189726692	2.9646840569180077	7.905824151781354	10.870508208699361	13.83519226561737	2.9646840569180077	4.941140094863346	5.9293681138360155	6.917596132808685	2.9646840569180077	0.0	7.905824151781354	9.882280189726693	-0.0037317530182715644	0.00031380610832742653	-0.0031679842364022172	-0.004970066652136989	0.0022522793935199903	0.005197987911579168	0.008047862134316701	0.009047992937694111	-0.00998527298098865	-0.014711127816667998	0.0007834437721886095	-0.00026892563755084354	0.0033017226093291978	0.00636156420328938	-0.004056261145588619	-0.002502082724447723	-0.0012305729780656216	-0.004406140845550382	0.005337067669889888	0.008837379986635691	-0.003891614745946971	-0.00415734192346207	-0.0073048625659431436	-0.010725999116425133	-0.005557959706626798	0.0007442748113927426	0.006282347036489503	0.016135585279456452	0.0026806425912604447	0.0007346364123826865	-0.001947093338482034	-0.001294110997065141	0.00282971287544725	0.00971616067814726	-5.596276555113609e-06	0.0023679218431642206	-0.00578357836786207	-0.008794460301484697	-0.0004780266175775557	0.0005817175980562567	0.006460946560195502	0.009444271089079076	-0.006878437031772277	-0.0035591075160975824	-0.005405618207733341	-0.0007511802265143428	0.015906228126392242	0.016771271586797948	-0.004078115715749888	0.0009578461487474887	-0.0069427641373212045	-0.008785682987730066	-0.0004344700528942434	0.003491038636932719	0.005873729965051858	0.008654037600030093	-0.01197058747246611	-0.0121716634621979	0.008858167345622038	0.0037487969194931635
TRIM33B	6.838469841297246	3.907697052169855	2.930772789127391	6.838469841297246	2.930772789127391	5.861545578254782	8.792318367382173	0.9769242630424637	2.930772789127391	6.838469841297246	9.769242630424637	11.723091156509565	0.9769242630424637	4.884621315212319	5.861545578254782	6.838469841297246	1.9538485260849274	0.0	6.838469841297246	6.838469841297246	-0.0005446368378122668	0.0026937153434891106	-0.004733345044016101	-0.004339592372606647	0.003034139798287943	0.004611740170108615	0.00804212438892703	0.009159277957227251	-0.006624508446042033	-0.009774687968571878	-0.0011136071810003982	-0.0019939974635119775	0.0026241780150409264	0.004973781927500557	0.0010571251725315172	0.0008700348657576289	-0.007059295705277068	-0.0047131290918818345	0.008410762381894983	0.005418462736530954	-0.0016269618199311264	-0.0006105588797529011	-0.01145885236661538	-0.011581826461543127	-0.0027016034031238072	0.0030282673660429636	0.004562593108632122	0.015435134169725294	0.0038242545421618953	0.006251284794085765	-0.0060356488910384195	-0.0066625550588301575	-0.0003303042029621828	0.007409320478442789	-0.00018616782849314537	0.002009146271449244	-0.009773198860979403	-0.00746925445437267	0.002752176978825962	0.001770572220122192	0.0086094996027298	0.012858192134783546	-0.00456112505765671	0.0005486885370116397	-0.007585798185585952	-0.0009072118309841939	0.006684146684093902	0.0064934244179255885	0.005370999861629905	0.006335486112030537	-0.010331127478702963	-0.013408539998897712	-0.004545976631056635	-0.0003666474420137766	0.010539020771325477	0.01112887162141457	-0.005994251656988583	-0.0035625386257515405	0.006661057685812264	0.0005052060879949015
TRIM66	5.122420154800673	6.146904185760808	4.0979361238405385	5.122420154800673	5.122420154800673	3.073452092880404	9.22035627864121	2.0489680619202693	3.073452092880404	5.122420154800673	11.26932434056148	9.22035627864121	3.073452092880404	5.122420154800673	8.195872247681077	7.171388216720942	2.0489680619202693	2.0489680619202693	6.146904185760808	7.171388216720942	0.0027077150388062935	0.005166587638906924	-0.010357933940320047	-0.008723370146825336	0.0003868452351560716	0.0017163293744526028	0.0035777335046669923	0.0022264311875616226	-0.0029656324336324756	0.0033985856050049892	-0.007774061993789401	-0.008074954629726688	0.002497042940968738	0.003543009395183499	0.009246545360816115	0.005368346666816701	0.0002310261313735166	-0.0044326898214961255	0.0016147240296680962	0.0004940489288406809	-0.0015524814744747755	-0.004421306375315084	-0.0067475645716073085	-0.004674755413379402	-0.0020769829999485344	3.2057698366537486e-05	0.004510177035836894	0.008550453413645001	0.0067886970427634375	0.010590766253219952	0.0023415525860881465	-0.0016876229080277302	-0.006570515774852534	-0.007473673715808816	-0.004339390829446337	-0.005483747488139591	-0.006696551407127106	-0.005748436385938123	0.002518656135681056	0.003194346444973964	0.0010933823622776933	0.0017246470923611465	-0.0006620592609395425	-0.0022827547318811066	0.0009137192669476951	0.0068684467144623255	0.001743256438990124	0.004624769148026541	-0.006109295042861761	-2.511142021250598e-05	-0.010633218996405848	-0.011565501510856583	0.005726492112565325	-0.0008650955224479844	0.006631570321353677	0.005608218790146292	-0.011793471659066534	-0.009901223813245185	0.008909130657030027	0.0046100627546791905
WDR9-1	9.204998839901933	10.227776488779925	5.113888244389963	7.159443542145947	4.09111059551197	4.09111059551197	7.159443542145947	4.09111059551197	2.045555297755985	9.204998839901933	10.227776488779925	6.1366658932679545	1.0227776488779925	4.09111059551197	4.09111059551197	5.113888244389963	7.159443542145947	2.045555297755985	6.1366658932679545	7.159443542145947	-0.004123785443929579	-0.0048229803752201095	-0.008948044298631826	-0.004670990629230447	0.0115086193841233	0.00606410718806363	0.010219710129870982	0.010663225595405315	-0.011957805413024747	-0.004467142195608429	-0.0029972449404144725	-0.00169067810903045	0.012054833396749072	0.012400559186296524	0.004250680766821458	0.005032662395253983	-0.010036511241352663	-0.002456327434054536	0.0010634488825105159	0.00035611603590600263	-0.00249527142450515	0.0014667276421063177	-0.0012189309373357268	0.0010392056310909899	-0.0022813422909380406	0.000588319892028418	0.0053537634136804615	-0.004856233048252086	0.005245400515499349	0.0075790728955687624	-0.004392162585207542	0.0012455685845035916	0.0022533737090720024	-0.005524182430589819	0.0028705164070710137	0.0011977322854801694	-0.005084521348015264	-0.0013115120814522967	-0.006601148189687052	-0.004101540330707763	0.006137513052355902	0.0009902676598029139	0.0031686139775341116	0.008334026430488957	-0.013831822069957148	-0.011280326748447766	0.007021694998777224	0.006905773494292171	-0.0018079294086673719	-0.004053800782023097	-0.007381199817861409	-0.0017886327255914164	-0.0016308604745287167	0.0011687248410512724	0.0041251493501484795	0.0006012665689036857	-0.0036872571985133587	-0.006649745071524454	-0.012908990513393165	-0.00462540363075313
WDR9-2	3.8702616858187175	5.805392528728076	4.837827107273396	8.708088793092115	2.902696264364038	2.902696264364038	8.708088793092115	1.9351308429093588	0.0	6.7729579501827555	8.708088793092115	9.675654214546793	2.902696264364038	5.805392528728076	5.805392528728076	8.708088793092115	4.837827107273396	0.9675654214546794	4.837827107273396	3.8702616858187175	-0.004904454380594129	-0.0038488244992985455	-0.0013411944206216744	-0.005014693671785428	0.0014891525545039578	0.01097743164881531	0.0005873953554367863	0.003127265454671527	-0.012610629942630923	-0.013715559146468883	-0.0058612616190093225	0.0023451530995904357	0.005990197533180342	0.004275041113853069	-0.0016385357966220494	-0.003249791921738379	0.004580237838121516	0.00799301186008775	-0.0028880365295904857	0.00725570166033505	-0.011695145630112319	-0.01627448199545501	-0.000876568966669265	0.0024935502248023345	0.001347042433136917	0.008686044807338023	-0.011419617864472402	-0.007788629060927972	0.005621307026601924	0.006398450697736697	0.020532601113725825	0.022769664208971505	-0.00013572657986465656	0.0003944941137754929	0.0053553408055739184	0.007850472894848713	0.007658823167567457	0.011745623664162708	-0.004002404481177622	-0.003132561772172462	-0.013667071586871499	-0.010618090874208558	0.0004940093409290263	0.014808747212115853	-0.002669897482550613	-0.002899944438804381	0.006027220177224991	-0.0010945926557980933	0.009716390874223903	0.012619511651207057	0.003653130842835758	0.007348310100019441	-0.013763514590243997	-0.014734956375665707	0.0025164826962422978	0.005284974732583932	0.005367027314844513	0.011215509940245316	-0.013416100454233852	-0.012828452876400508
ZMYND11	6.024744800034848	6.024744800034848	5.164066971458441	6.885422628611255	0.8606778285764068	4.303389142882034	7.746100457187661	3.4427113143056274	3.4427113143056274	4.303389142882034	8.606778285764069	9.467456114340475	3.4427113143056274	2.5820334857292204	1.7213556571528137	3.4427113143056274	4.303389142882034	0.0	5.164066971458441	5.164066971458441	-0.0005927000889555953	0.001559211956217217	-0.0007024498637769899	0.002928600032719995	0.0011735531812269297	0.00847585728763708	0.004387528688763785	0.004060751745829451	0.006716860253406082	0.005919804159674736	-0.0032574289562921953	-0.0017223628702727086	0.0055911836802424834	0.00647101698734215	0.0029648007740228403	0.00855728031869186	0.0025766822883337725	-0.005423548087032639	-0.0034248343740810373	-0.0009052661728360762	0.0019678509792704145	0.0020926233238673327	0.004705913189270536	0.008830572550548234	-0.007793240098162759	-0.0031206541056808977	0.0018108733532998047	0.0035868861221028192	0.001022443855017897	0.006519125655119848	-0.0027415714286368846	-0.007525118670032111	0.002579627532002248	0.0024637419609269007	-5.000404249575956e-05	0.0027366396670446295	-0.005446612906372298	0.002143943887511826	-0.001594511704131528	0.0016328632972479645	0.00515006940637098	-0.001953977961636171	0.010507636941427343	0.010192927482385025	-0.00537660089282332	-0.006644443276930108	-0.006286066305261535	-0.000325968678316764	0.008115147387712861	0.012135033797758434	-0.0002991076839308462	-0.002443735550147624	0.012052226888571126	0.014249585880267868	0.006271451731947064	0.006555276130906232	0.0003837037965577509	0.003291952006602362	0.006091449815779393	0.008479677147773763
